index,lemma,Type,id
0,நவீனம்,Adjectives,'00000
1,விமானம்,Conjunctions,'00001
2,நிலையம்,Conjunctions,'00002
3,நிலம்,Conjunctions,'00003
4,பாதிப்பு,Conjunctions,'00004
5,வகை,Conjunctions,'00005
6,எடு,Verb,'00006
7,படு,Verb,'00007
8,முதல்வர்,Conjunctions,'00008
9,உறுதியளி,Verb,'00009
10,உள்,Verb,'00010
11,தொடர்பு,Conjunctions,'00011
12,புதன்கிழமை,Conjunctions,'00012
13,வெளியிடு,Adjectives,'00013
14,அறிக்கை,Conjunctions,'00014
15,நாடு,Conjunctions,'00015
16,போக்குவரத்து,Conjunctions,'00016
17,ஏற்படு,Verb,'00017
18,வரு,Adjectives,'00018
19,வளர்ச்சி,Conjunctions,'00019
20,கருத்து,Conjunctions,'00020
21,கொள்,Verb,'00021
22,முக்கியம்,Adjectives,'00022
23,நகரம்,Conjunctions,'00023
24,விரிவுபடுத்து,Verb,'00024
25,புதிது,Conjunctions,'00025
26,சர்வதேசம்,Adjectives,'00026
27,அமை,Verb,'00027
28,மத்திய,Adjectives,'00028
29,அரசு,Conjunctions,'00029
30,முடிவு,Conjunctions,'00030
31,செய்,Verb,'00031
32,அதன்படி,Conjunctions,'00032
33,ஆகு,Adjectives,'00033
34,மேம்படுத்து,Verb,'00034
35,புதிய,Adjectives,'00035
36,திட்டம்,Conjunctions,'00036
37,உருவாகு,Verb,'00037
38,நிறைவேற்று,Verb,'00038
39,ஆந்திரம்,Conjunctions,'00039
40,முந்து,Verb,'00040
41,விடு,Verb,'00041
42,ஆனால்,Conjunctions,'00042
43,வரிசை,Conjunctions,'00043
44,பொது,Conjunctions,'00044
45,செயலாளர்,Conjunctions,'00045
46,நிறுவனர்,Conjunctions,'00046
47,ஆகியோர்,Conjunctions,'00047
48,போராட்டம்,Adjectives,'00048
49,அறிவிப்பு,Conjunctions,'00049
50,கொண்டுவா,Verb,'00050
51,தொல்பொருள்,Conjunctions,'00051
52,ஆய்வு,Conjunctions,'00052
53,சட்டம்,Conjunctions,'00053
54,மக்கள்,Conjunctions,'00054
55,அடிப்படை,Conjunctions,'00055
56,உரிமை,Conjunctions,'00056
57,பறி,Adjectives,'00057
58,திரும்பு,Verb,'00058
59,பெறு,Verb,'00059
60,வேண்டு,Verb,'00060
61,பொதுச்செயலர்,Conjunctions,'00061
62,கோரிக்கை,Conjunctions,'00062
63,இதுகுறித்து,Conjunctions,'00063
64,பண்பாடு,Conjunctions,'00064
65,அடையாளம்,Conjunctions,'00065
66,பாதுகா,Verb,'00066
67,துறை,Conjunctions,'00067
68,தனி,Adjectives,'00068
69,இயற்று,Verb,'00069
70,அமைப்பு,Conjunctions,'00070
71,முன்பு,Conjunctions,'00071
72,பகுதி,Conjunctions,'00072
73,வாழ்,Conjunctions,'00073
74,வா,Verb,'00074
75,அப்படி,Conjunctions,'00075
76,வாழ்விடம்,Conjunctions,'00076
77,அகற்று,Verb,'00077
78,உள்நாடு,Conjunctions,'00078
79,அகதி,Conjunctions,'00079
80,மாற்று,Adjectives,'00080
81,மத்தி,Conjunctions,'00081
82,ஆளு,Adjectives,'00082
83,கூட்டணி,Conjunctions,'00083
84,ஒரு,Adjectives,'00084
85,உள்ளிடு,Adjectives,'00085
86,மாநிலம்,Conjunctions,'00086
87,மொழி,Conjunctions,'00087
88,ஆங்கிலம்,Conjunctions,'00088
89,அனைத்து,Adjectives,'00089
90,நாளிதழ்,Conjunctions,'00090
91,முழுப்பக்கம்,Adjectives,'00091
92,அளவு,Conjunctions,'00092
93,விளம்பரப்படு,Verb,'00093
94,நினைவு,Conjunctions,'00094
95,சின்னம்,Conjunctions,'00095
96,அடி,Conjunctions,'00096
97,கட்டுமானம்,Conjunctions,'00097
98,கட்டு,Verb,'00098
99,அனுமதி,Conjunctions,'00099
100,இல்,Verb,'00100
101,மீறுவோர்,Conjunctions,'00101
102,அபராதம்,Conjunctions,'00102
103,தொகை,Conjunctions,'00103
104,ஆண்டு,Conjunctions,'00104
105,சிறை,Conjunctions,'00105
106,தண்டனை,Conjunctions,'00106
107,குடும்பத்தினர்,Conjunctions,'00107
108,எண்ணிக்கை,Conjunctions,'00108
109,பெருகு,Verb,'00109
110,இடம்,Conjunctions,'00110
111,நெருக்கடி,Conjunctions,'00111
112,நிலை,Conjunctions,'00112
113,மூதாதையர்,Conjunctions,'00113
114,வீடு,Conjunctions,'00114
115,விரிவாக்கம்,Conjunctions,'00115
116,கூடுதல்,Adjectives,'00116
117,அறை,Conjunctions,'00117
118,தாழ்வாரம்,Conjunctions,'00118
119,கழிப்பு,Conjunctions,'00119
120,உரிமையாளர்,Conjunctions,'00120
121,சம்பந்தப்பட்ட,Adjectives,'00121
122,அதிகாரி,Conjunctions,'00122
123,தண்டி,Verb,'00123
124,ஏற்கனவே,Conjunctions,'00124
125,ஆய்வுத்துறை,Conjunctions,'00125
126,இரு,Verb,'00126
127,இடி,Verb,'00127
128,அதிகாரம்,Conjunctions,'00128
129,வழங்கு,Verb,'00129
130,மின்,Conjunctions,'00130
131,இணைப்பு,Conjunctions,'00131
132,இனி,Conjunctions,'00132
133,மாட்டு,Verb,'00133
134,சுதந்திரம்,Conjunctions,'00134
135,மீன்பிடி,Conjunctions,'00135
136,ஒழுங்குமுறை,Conjunctions,'00136
137,எதிர்,Verb,'00137
138,மீனவ,Conjunctions,'00138
139,கிளர்,Verb,'00139
140,எழு,Verb,'00140
141,போராடு,Verb,'00141
142,உலகம்,Conjunctions,'00142
143,சிறந்த,Adjectives,'00143
144,பட்டியல்,Conjunctions,'00144
145,கிடை,Verb,'00145
146,அமெரிக்கா,Conjunctions,'00146
147,பத்திரிகை,Conjunctions,'00147
148,சுகாதாரம்,Conjunctions,'00148
149,கல்வி,Conjunctions,'00149
150,பொருளாதாரம்,Conjunctions,'00150
151,அரசியல்,Conjunctions,'00151
152,அம்சம்,Conjunctions,'00152
153,வை,Verb,'00153
154,தொகு,Verb,'00154
155,வெளியாகு,Verb,'00155
156,அண்டை,Adjectives,'00156
157,ஆகியவை,Conjunctions,'00157
158,பிடு,Verb,'00158
159,ஆசியா,Conjunctions,'00159
160,பிடி,Adjectives,'00160
161,அகியவை,Conjunctions,'00161
162,இதழ்,Conjunctions,'00162
163,முறை,Conjunctions,'00163
164,கேள்,Conjunctions,'00164
165,நடத்து,Adjectives,'00165
166,தெரி,Verb,'00166
167,வாசகர்,Conjunctions,'00167
168,ஆரோக்கியம்,Conjunctions,'00168
169,பாதுகாப்பு,Conjunctions,'00169
170,நல்ல,Adjectives,'00170
171,தகுந்த,Adjectives,'00171
172,நாள்,Conjunctions,'00172
173,கருது,Adjectives,'00173
174,பிற,Verb,'00174
175,விரும்பு,Verb,'00175
176,கேள்வி,Conjunctions,'00176
177,பதில்,Conjunctions,'00177
178,தெரிவி,Verb,'00178
179,நேசி,Verb,'00179
180,தலைவர்,Conjunctions,'00180
181,கணிப்பு,Conjunctions,'00181
182,இந்தியா,Conjunctions,'00182
183,பிரதமர்,Conjunctions,'00183
184,முதலிடம்,Conjunctions,'00184
185,குறிப்பிடு,Verb,'00185
186,தகு,Verb,'00186
187,மேலும்,Conjunctions,'00187
188,ஊதியம்,Conjunctions,'00188
189,உயர்வு,Conjunctions,'00189
190,அறிவி,Verb,'00190
191,முன்னர்,Conjunctions,'00191
192,அலுவலகம்,Conjunctions,'00192
193,தொகுதி,Conjunctions,'00193
194,செலவினம்,Conjunctions,'00194
195,படி,Conjunctions,'00195
196,தலா,Adjectives,'00196
197,தலைமை,Conjunctions,'00197
198,நடைபெறு,Adjectives,'00198
199,அமைச்சரவை,Conjunctions,'00199
200,கூட்டம்,Conjunctions,'00200
201,முடிவெடு,Verb,'00201
202,முன்னதாக,Conjunctions,'00202
203,உயர்த்து,Verb,'00203
204,நாடாளுமன்றம்,Conjunctions,'00204
205,கூட்டு,Adjectives,'00205
206,குழு,Conjunctions,'00206
207,பரிந்துரை,Conjunctions,'00207
208,ஏல்,Verb,'00208
209,கடந்த,Adjectives,'00209
210,வாரம்,Conjunctions,'00210
211,பிரிவினர்,Conjunctions,'00211
212,அதிருப்தி,Conjunctions,'00212
213,நிதி,Conjunctions,'00213
214,அமைச்சர்,Conjunctions,'00214
215,ராஷ்ட்ரீயம்,Conjunctions,'00215
216,ஐக்கிய,Adjectives,'00216
217,ஜனதாதளம்,Conjunctions,'00217
218,சனிக்கிழமை,Conjunctions,'00218
219,சந்தி,Verb,'00219
220,விவகாரம்,Conjunctions,'00220
221,உரிய,Adjectives,'00221
222,நடவடிக்கை,Conjunctions,'00222
223,அப்போது,Conjunctions,'00223
224,பல்கலைக்கழகம்,Conjunctions,'00224
225,துணைவேந்தர்,Conjunctions,'00225
226,இன்று,Conjunctions,'00226
227,எதிர்கட்சி,Conjunctions,'00227
228,பேசு,Verb,'00228
229,சந்திப்பு,Conjunctions,'00229
230,மனைவி,Conjunctions,'00230
231,உடன்,Conjunctions,'00231
232,மரியாதை,Conjunctions,'00232
233,நிமித்தம்,Conjunctions,'00233
234,செய்திக்குறிப்பு,Conjunctions,'00234
235,அருள்மிகு,Adjectives,'00235
236,திருக்கோயில்,Conjunctions,'00236
237,ஆவணி,Conjunctions,'00237
238,திருவிழா,Conjunctions,'00238
239,கொடியேற்றம்,Conjunctions,'00239
240,தொடங்கு,Verb,'00240
241,தொடர்,Conjunctions,'00241
242,தொடக்கு,Conjunctions,'00242
243,அதிகாலை,Conjunctions,'00243
244,மணி,Conjunctions,'00244
245,நடைதிற,Verb,'00245
246,விஷ்வரூபம்,Conjunctions,'00246
247,தரிசனம்,Conjunctions,'00247
248,உதய,Conjunctions,'00248
249,மார்த்தாண்டம்,Conjunctions,'00249
250,அபிஷேகம்,Conjunctions,'00250
251,மற்ற,Adjectives,'00251
252,பூஜை,Conjunctions,'00252
253,காலம்,Conjunctions,'00253
254,வெள்ளி,Conjunctions,'00254
255,பல்லக்கு,Conjunctions,'00255
256,கொடி,Conjunctions,'00256
257,பட்டம்,Conjunctions,'00257
258,வீதி,Conjunctions,'00258
259,உலா,Conjunctions,'00259
260,வேதம்,Conjunctions,'00260
261,ஓது,Verb,'00261
262,பஞ்வாத்தியம்,Conjunctions,'00262
263,முழங்கு,Verb,'00263
264,பக்தர்,Conjunctions,'00264
265,ஆரோகரா,Conjunctions,'00265
266,கோஷம்,Conjunctions,'00266
267,செப்பு,Conjunctions,'00267
268,மரம்,Conjunctions,'00268
269,கொடியேற்று,Verb,'00269
270,போட்டி,Conjunctions,'00270
271,வீரர்,Conjunctions,'00271
272,சூதாட்டம்,Conjunctions,'00272
273,ஈடுபடு,Verb,'00273
274,வாழ்நாள்,Conjunctions,'00274
275,தடை,Conjunctions,'00275
276,விதி,Verb,'00276
277,அணி,Conjunctions,'00277
278,முன்னாள்,Adjectives,'00278
279,பேட்ஸ்மேன்,Conjunctions,'00279
280,கிரிக்கெட்,Conjunctions,'00280
281,மோசடி,Conjunctions,'00281
282,இடம்தரு,Verb,'00282
283,கூடு,Verb,'00283
284,கூறு,Adjectives,'00284
285,விளையாடு,Verb,'00285
286,தடைவிதி,Verb,'00286
287,என்,Verb,'00287
288,அளி,Verb,'00288
289,முன்வா,Adjectives,'00289
290,வெள்ளம்,Conjunctions,'00290
291,நிவாரணம்,Conjunctions,'00291
292,முதல்,Conjunctions,'00292
293,தயக்கம்,Conjunctions,'00293
294,காட்டு,Verb,'00294
295,பின்னர்,Conjunctions,'00295
296,ஏற்றுக்கொள்,Verb,'00296
297,தற்போது,Conjunctions,'00297
298,உதவி,Conjunctions,'00298
299,நேரடி,Conjunctions,'00299
300,சபை,Conjunctions,'00300
301,தீர்மானி,Verb,'00301
302,பல்வேறு,Adjectives,'00302
303,பணியாற்று,Verb,'00303
304,எனவே,Conjunctions,'00304
305,தகவல்,Conjunctions,'00305
306,அனுப்பு,Verb,'00306
307,வெளியுறவு,Conjunctions,'00307
308,செய்தித்தொடர்பாளர்,Conjunctions,'00308
309,கொள்கை,Conjunctions,'00309
310,முத்தரப்பு,Conjunctions,'00310
311,இறுதிப்போட்டி,Conjunctions,'00311
312,நேற்று,Conjunctions,'00312
313,முடிவடை,Verb,'00313
314,காலை,Conjunctions,'00314
315,சொந்த,Adjectives,'00315
316,ஊர்,Conjunctions,'00316
317,புறப்பட்ட,Verb,'00317
318,செல்,Verb,'00318
319,நாளை,Conjunctions,'00319
320,மாலை,Conjunctions,'00320
321,ஏற்பாடு,Conjunctions,'00321
322,பாராட்டு,Conjunctions,'00322
323,விழா,Conjunctions,'00323
324,கல,Verb,'00324
325,எதிர்பார்,Verb,'00325
326,டெஸ்ட்,Conjunctions,'00326
327,விக்கெட்டு,Conjunctions,'00327
328,வீழ்த்து,Adjectives,'00328
329,பெருமை,Conjunctions,'00329
330,முரளிதரன்,Conjunctions,'00330
331,கௌரவி,Verb,'00331
332,தேசியம்,Conjunctions,'00332
333,படை,Conjunctions,'00333
334,சொந்தம்,Conjunctions,'00334
335,கொலம்பியா,Conjunctions,'00335
336,எல்லை,Conjunctions,'00336
337,விபத்துக்குள்ளாகு,Verb,'00337
338,உயிரிழ,Verb,'00338
339,அதிபர்,Conjunctions,'00339
340,ரஷ்யா,Conjunctions,'00340
341,தயாரிப்பு,Conjunctions,'00341
342,ஓடுதளம்,Conjunctions,'00342
343,சில,Adjectives,'00343
344,நிமிடம்,Conjunctions,'00344
345,விசாரணை,Conjunctions,'00345
346,தொலைக்காட்சி,Conjunctions,'00346
347,தென்மேற்கு,Conjunctions,'00347
348,போதைமருந்து,Conjunctions,'00348
349,கடத்தல்,Conjunctions,'00349
350,குழுவினர்,Conjunctions,'00350
351,தேடு,Adjectives,'00351
352,பணி,Conjunctions,'00352
353,மாசுபடுத்து,Adjectives,'00353
354,தொழிற்சாலை,Conjunctions,'00354
355,மூடு,Verb,'00355
356,உத்தரப்பிரதேச,Conjunctions,'00356
357,மாசுக்கட்டுப்பாடு,Conjunctions,'00357
358,வாரியம்,Conjunctions,'00358
359,ஆகஸ்ட்,Conjunctions,'00359
360,தேதி,Conjunctions,'00360
361,ஆறு,Conjunctions,'00361
362,நதிநீர்,Conjunctions,'00362
363,படுகை,Conjunctions,'00363
364,நிர்வாகம்,Conjunctions,'00364
365,பயிலரங்கு,Conjunctions,'00365
366,பங்கேல்,Verb,'00366
367,சுத்தப்படுத்து,Verb,'00367
368,மாசு,Conjunctions,'00368
369,கட்டுப்பாடு,Conjunctions,'00369
370,செயலின்மை,Conjunctions,'00370
371,விமர்சி,Verb,'00371
372,நதி,Conjunctions,'00372
373,செயல்படு,Verb,'00373
374,உடன்பாடு,Conjunctions,'00374
375,மண்டலம்,Conjunctions,'00375
376,அடை,Verb,'00376
377,மீனவர்,Conjunctions,'00377
378,விடுதலை,Conjunctions,'00378
379,தாண்டு,Verb,'00379
380,புகார்,Conjunctions,'00380
381,விடுவி,Verb,'00381
382,அடுத்த,Adjectives,'00382
383,சிறைச்சாலை,Conjunctions,'00383
384,துணை,Conjunctions,'00384
385,கண்காணிப்பாளர்,Conjunctions,'00385
386,அரபிக்,Conjunctions,'00386
387,கடல்,Conjunctions,'00387
388,மீன்,Conjunctions,'00388
389,குற்றச்சாட்டு,Conjunctions,'00389
390,அவ்வப்போது,Conjunctions,'00390
391,இருதரப்பு,Conjunctions,'00391
392,கைது,Conjunctions,'00392
393,முஸ்லீம்,Conjunctions,'00393
394,அமெரிக்கர்,Conjunctions,'00394
395,நம்பு,Verb,'00395
396,சமீபம்,Conjunctions,'00396
397,வெளி,Adjectives,'00397
398,கவலைப்படு,Verb,'00398
399,போ,Verb,'00399
400,சதவீத,Adjectives,'00400
401,ஆராய்ச்சி,Conjunctions,'00401
402,மையம்,Conjunctions,'00402
403,மாதம்,Conjunctions,'00403
404,தொடக்கம்,Conjunctions,'00404
405,மார்ச்,Conjunctions,'00405
406,சதவீதத்தினர்,Conjunctions,'00406
407,இப்போது,Conjunctions,'00407
408,அதிகரி,Verb,'00408
409,கிறிஸ்துவர்,Conjunctions,'00409
410,சதவீதம்,Conjunctions,'00410
411,குறை,Verb,'00411
412,மதம்,Conjunctions,'00412
413,குழப்பம்,Conjunctions,'00413
414,கண்டனம்,Conjunctions,'00414
415,வதந்தி,Conjunctions,'00415
416,பெரிதும்,Conjunctions,'00416
417,சிக்கு,Verb,'00417
418,போலீஸார்,Conjunctions,'00418
419,எனப்படு,Adjectives,'00419
420,ஆட்டம்,Conjunctions,'00420
421,நிகழ்வு,Conjunctions,'00421
422,முன்கூட்டி,Conjunctions,'00422
423,குற்றம்,Conjunctions,'00423
424,சாட்டு,Verb,'00424
425,விசாரி,Verb,'00425
426,இதனால்,Conjunctions,'00426
427,செய்தியாளர்,Conjunctions,'00427
428,மேலாளர்,Conjunctions,'00428
429,தூரகரம்,Conjunctions,'00429
430,எனினும்,Conjunctions,'00430
431,இதுவரை,Conjunctions,'00431
432,குற்றம்சாட்டு,Verb,'00432
433,எதிர்கொள்,Verb,'00433
434,வழக்கறிஞர்,Conjunctions,'00434
435,ஒருவர்,Conjunctions,'00435
436,நியமி,Verb,'00436
437,இப்போதைக்கு,Conjunctions,'00437
438,செவ்வாய்க்கிழமை,Conjunctions,'00438
439,அங்கிருந்து,Conjunctions,'00439
440,கார்,Conjunctions,'00440
441,எஸ்டேட்,Conjunctions,'00441
442,வழி,Conjunctions,'00442
443,மாவட்டம்,Conjunctions,'00443
444,குஞ்சப்பனை,Conjunctions,'00444
445,செயலர்,Conjunctions,'00445
446,தொழிற்சங்கம்,Conjunctions,'00446
447,உள்ளிட்டோர்,Conjunctions,'00447
448,வரவேல்,Verb,'00448
449,அதையடுத்து,Conjunctions,'00449
450,ஊராட்சி,Conjunctions,'00450
451,ஊர்மக்கள்,Conjunctions,'00451
452,சிறப்பு,Adjectives,'00452
453,வரவேற்பு,Conjunctions,'00453
454,நுழைவாயில்,Conjunctions,'00454
455,பிரமுகர்,Conjunctions,'00455
456,வழியெங்கு,Conjunctions,'00456
457,பொதுமக்கள்,Conjunctions,'00457
458,பூங்கொத்து,Conjunctions,'00458
459,தங்கு,Verb,'00459
460,மேற்கொள்,Verb,'00460
461,வட்டாரம்,Conjunctions,'00461
462,தமிழகம்,Conjunctions,'00462
463,பொறுப்பேல்,Verb,'00463
464,ஓய்வுபெறு,Verb,'00464
465,பொறுப்பு,Conjunctions,'00465
466,ஏற்கெனவே,Conjunctions,'00466
467,வகி,Verb,'00467
468,விழிப்பு,Conjunctions,'00468
469,கண்காணிப்புத்துறை,Conjunctions,'00469
470,ஆணையாளர்,Conjunctions,'00470
471,பதவி,Conjunctions,'00471
472,வாழ்த்து,Conjunctions,'00472
473,ஒப்படை,Verb,'00473
474,சேர்,Conjunctions,'00474
475,பூர்வீகம்,Conjunctions,'00475
476,கன்னடம்,Conjunctions,'00476
477,எழுது,Verb,'00477
478,விலங்கியல்,Conjunctions,'00478
479,படிப்பு,Conjunctions,'00479
480,பட்டயம்,Conjunctions,'00480
481,திருச்சி,Conjunctions,'00481
482,ஆட்சியர்,Conjunctions,'00482
483,பயிற்சி,Conjunctions,'00483
484,அடுத்தடுத்த,Adjectives,'00484
485,சார்பு,Conjunctions,'00485
486,இணை,Conjunctions,'00486
487,வேலைவாய்ப்பு,Conjunctions,'00487
488,இயக்குநர்,Conjunctions,'00488
489,அதற்கடுத்த,Adjectives,'00489
490,நிதித்துறை,Conjunctions,'00490
491,நகராட்சி,Conjunctions,'00491
492,குடிநீர்,Conjunctions,'00492
493,புள்ளியியல்,Conjunctions,'00493
494,ஆணையர்,Conjunctions,'00494
495,பிற்பகுதி,Conjunctions,'00495
496,உள்துறை,Conjunctions,'00496
497,கண்காணிப்பு,Conjunctions,'00497
498,இதன்பின்,Conjunctions,'00498
499,ஆட்சி,Conjunctions,'00499
500,பெண்,Conjunctions,'00500
501,செயலாளார்,Conjunctions,'00501
502,செப்டம்பர்,Conjunctions,'00502
503,சரி,Conjunctions,'00503
504,ஓய்வு,Conjunctions,'00504
505,செம்மொழி,Conjunctions,'00505
506,மாநாடு,Conjunctions,'00506
507,நீட்டிப்பு,Conjunctions,'00507
508,பெரு,Adjectives,'00508
509,முயற்சி,Conjunctions,'00509
510,முடி,Verb,'00510
511,சாதனை,Conjunctions,'00511
512,இது,Adjectives,'00512
513,உத்தரவு,Conjunctions,'00513
514,ஆளுநர்,Conjunctions,'00514
515,விரைவு,Conjunctions,'00515
516,செயலகம்,Conjunctions,'00516
517,நிறைவு,Conjunctions,'00517
518,வாய்ப்பு,Conjunctions,'00518
519,காவல்,Conjunctions,'00519
520,உயர்,Adjectives,'00520
521,அணை,Conjunctions,'00521
522,உடை,Verb,'00522
523,விபரீதம்,Adjectives,'00523
524,விளைவு,Conjunctions,'00524
525,உறவு,Conjunctions,'00525
526,பெரும்,Adjectives,'00526
527,விரிசல்,Conjunctions,'00527
528,ஏற்படுத்து,Verb,'00528
529,ஒதுக்கீடு,Conjunctions,'00529
530,பிரச்னை,Conjunctions,'00530
531,சாசனம்,Conjunctions,'00531
532,பெஞ்ச்,Conjunctions,'00532
533,கேரள,Conjunctions,'00533
534,வழக்கம்,Conjunctions,'00534
535,உச்சநீதிமன்றம்,Conjunctions,'00535
536,துச்சம்,Conjunctions,'00536
537,நினை,Verb,'00537
538,வழக்கு,Conjunctions,'00538
539,காரணம்,Conjunctions,'00539
540,பாதகம்,Conjunctions,'00540
541,உச்சம்,Conjunctions,'00541
542,நீதிமன்றம்,Conjunctions,'00542
543,தீர்ப்பு,Conjunctions,'00543
544,சாதகம்,Conjunctions,'00544
545,பேர்,Conjunctions,'00545
546,ஆஜர்,Adjectives,'00546
547,எழுத்துப்பூர்வம்,Conjunctions,'00547
548,ஒப்புதல்,Conjunctions,'00548
549,நோக்கம்,Conjunctions,'00549
550,தென்,Conjunctions,'00550
551,ஏக்கர்,Conjunctions,'00551
552,பாசனம்,Conjunctions,'00552
553,பாதி,Verb,'00553
554,உணர்,Verb,'00554
555,மோசம்,Conjunctions,'00555
556,பின்னடைவு,Conjunctions,'00556
557,அணுகுமுறை,Conjunctions,'00557
558,வாழ்வாதாரம்,Conjunctions,'00558
559,சூழல்,Conjunctions,'00559
560,நிலவு,Verb,'00560
561,திராவிடம்,Conjunctions,'00561
562,இயக்கம்,Conjunctions,'00562
563,வரலாறு,Conjunctions,'00563
564,தாக்கம்,Conjunctions,'00564
565,கட்சி,Conjunctions,'00565
566,சாராத,Adjectives,'00566
567,இளைஞர்,Conjunctions,'00567
568,அதிகளவு,Conjunctions,'00568
569,அழைப்பு,Conjunctions,'00569
570,போர்,Conjunctions,'00570
571,முகாம்,Conjunctions,'00571
572,உறுதி,Conjunctions,'00572
573,அங்கு,Conjunctions,'00573
574,அவர்,Conjunctions,'00574
575,பார்வையிடு,Verb,'00575
576,அங்குள்ள,Adjectives,'00576
577,நிறை,Conjunctions,'00577
578,முடிந்தளவு,Conjunctions,'00578
579,உதவு,Verb,'00579
580,தயார்,Conjunctions,'00580
581,இயன்றவரை,Conjunctions,'00581
582,கண்டிப்பாக,Conjunctions,'00582
583,உள்ளூர்,Conjunctions,'00583
584,ராணுவம்,Conjunctions,'00584
585,தலைமையகம்,Conjunctions,'00585
586,அழை,Verb,'00586
587,வடக்கு,Conjunctions,'00587
588,புலி,Conjunctions,'00588
589,பதுங்கு,Conjunctions,'00589
590,குழி,Conjunctions,'00590
591,பார்,Verb,'00591
592,வெடி,Adjectives,'00592
593,வெடிகுண்டு,Conjunctions,'00593
594,காண்பி,Verb,'00594
595,மறு,Adjectives,'00595
596,குடியமர்வு,Conjunctions,'00596
597,விவசாயம்,Conjunctions,'00597
598,உபகரணம்,Conjunctions,'00598
599,உபயோகம்,Conjunctions,'00599
600,பொருள்,Conjunctions,'00600
601,பிரதிநிதி,Conjunctions,'00601
602,ஆலோசனை,Conjunctions,'00602
603,மறுபடியும்,Conjunctions,'00603
604,குடியமர்த்து,Verb,'00604
605,வசதி,Conjunctions,'00605
606,கொடு,Verb,'00606
607,ஆலோசி,Verb,'00607
608,சிரமப்படு,Adjectives,'00608
609,தேவையானவற்றை,Conjunctions,'00609
610,தரு,Adjectives,'00610
611,நம்பிக்கை,Conjunctions,'00611
612,தூதர்,Conjunctions,'00612
613,விடுதலைப்புலி,Conjunctions,'00613
614,புதை,Verb,'00614
615,அப்புறப்படுத்து,Adjectives,'00615
616,முன்,Conjunctions,'00616
617,தீவு,Conjunctions,'00617
618,கிழக்கு,Conjunctions,'00618
619,வியாழக்கிழமை,Conjunctions,'00619
620,நிதியுதவி,Conjunctions,'00620
621,அறிவு,Verb,'00621
622,இதுதவிர,Conjunctions,'00622
623,சேகரி,Adjectives,'00623
624,குடும்பம்,Conjunctions,'00624
625,பாக்கெட்,Conjunctions,'00625
626,கூடாரம்,Conjunctions,'00626
627,மெட்ரிக்,Conjunctions,'00627
628,பேருந்து,Conjunctions,'00628
629,சிமென்ட்,Conjunctions,'00629
630,மூட்டை,Conjunctions,'00630
631,சேதமடை,Adjectives,'00631
632,பழுதுபார்,Verb,'00632
633,வட,Conjunctions,'00633
634,ரயில்,Conjunctions,'00634
635,பாதை,Conjunctions,'00635
636,துறைமுகம்,Conjunctions,'00636
637,கலாசாரம்,Conjunctions,'00637
638,விளையாட்டு,Conjunctions,'00638
639,அரங்கு,Conjunctions,'00639
640,ஆகியவற்றைக்,Conjunctions,'00640
641,இறக்கு,Verb,'00641
642,கடுமை,Adjectives,'00642
643,செய்தி,Conjunctions,'00643
644,அந்நாடு,Conjunctions,'00644
645,நகர்,Conjunctions,'00645
646,தயாராகு,Verb,'00646
647,புறப்படு,Verb,'00647
648,கீழ்,Conjunctions,'00648
649,ஊழியர்,Conjunctions,'00649
650,சர்ச்சைக்குரிய,Adjectives,'00650
651,முழு,Adjectives,'00651
652,விவரம்,Conjunctions,'00652
653,கிட்டத்தட்ட,Conjunctions,'00653
654,நேரம்,Conjunctions,'00654
655,தூதரகம்,Conjunctions,'00655
656,அச்சுறுத்தல்,Conjunctions,'00656
657,இந்த,Conjunctions,'00657
658,சம்பவம்,Conjunctions,'00658
659,அடுத்து,Verb,'00659
660,பயணம்,Conjunctions,'00660
661,ரத்து,Conjunctions,'00661
662,உத்தரவிடு,Verb,'00662
663,ஜார்க்கண்ட்,Conjunctions,'00663
664,நிகழ்,Adjectives,'00664
665,கடும்,Adjectives,'00665
666,துப்பாக்கிச்சண்டை,Conjunctions,'00666
667,போலீசார்,Conjunctions,'00667
668,காயமடை,Verb,'00668
669,வனப்பகுதி,Conjunctions,'00669
670,தலை,Conjunctions,'00670
671,குண்டு,Conjunctions,'00671
672,பாய்,Adjectives,'00672
673,ஐஜி,Conjunctions,'00673
674,அதிரடிப்படை,Conjunctions,'00674
675,இருவர்,Conjunctions,'00675
676,இதையடுத்து,Conjunctions,'00676
677,தும்கா,Conjunctions,'00677
678,விரை,Conjunctions,'00678
679,சதுர்த்தி,Conjunctions,'00679
680,பண்டிகை,Conjunctions,'00680
681,கொண்டாடு,Adjectives,'00681
682,முன்னிட்டு,Verb,'00682
683,நல்லெண்ணம்,Adjectives,'00683
684,கைதி,Conjunctions,'00684
685,பெரும்பாலானவர்,Conjunctions,'00685
686,ஆவர்,Verb,'00686
687,பிறப்பி,Verb,'00687
688,அமைச்சகம்,Conjunctions,'00688
689,மொத்தம்,Adjectives,'00689
690,விடுதலைசெய்,Verb,'00690
691,தீவிரவாதம்,Conjunctions,'00691
692,வெள்ளை,Conjunctions,'00692
693,மாளிகை,Conjunctions,'00693
694,இவ்வாறு,Conjunctions,'00694
695,உயிர்,Conjunctions,'00695
696,பிடிபடு,Verb,'00696
697,கொல்,Verb,'00697
698,அதற்கான,Adjectives,'00698
699,இரவு,Conjunctions,'00699
700,பகல்,Conjunctions,'00700
701,பாடுபடு,Verb,'00701
702,இன்னும்,Conjunctions,'00702
703,மனிதவளம்,Conjunctions,'00703
704,மேம்பாட்டுத்துறை,Conjunctions,'00704
705,உயர்கல்வி,Conjunctions,'00705
706,கவனம்,Conjunctions,'00706
707,செலுத்து,Verb,'00707
708,பள்ளி,Conjunctions,'00708
709,மூத்த,Adjectives,'00709
710,ஐஐடி,Conjunctions,'00710
711,மருத்துவம்,Conjunctions,'00711
712,வெளிநாடு,Conjunctions,'00712
713,பேராசிரியர்,Conjunctions,'00713
714,மாணவர்,Conjunctions,'00714
715,நுழைவு,Conjunctions,'00715
716,தேர்வு,Conjunctions,'00716
717,ஆளுங்கட்சி,Conjunctions,'00717
718,பிரதேசம்,Conjunctions,'00718
719,அறிவுறுத்து,Verb,'00719
720,பரபரப்பு,Conjunctions,'00720
721,எதிர்ப்பு,Conjunctions,'00721
722,உள்ளாட்சி,Conjunctions,'00722
723,தேர்தல்,Conjunctions,'00723
724,பெரும்பான்மை,Adjectives,'00724
725,வெற்றி,Conjunctions,'00725
726,போலி,Conjunctions,'00726
727,பிரசாரம்,Conjunctions,'00727
728,பொதுக்கூட்டம்,Conjunctions,'00728
729,புலனாய்வு,Conjunctions,'00729
730,நிராகரி,Verb,'00730
731,லட்சம்,Conjunctions,'00731
732,மேற்பட்ட,Adjectives,'00732
733,வாக்காளர்,Conjunctions,'00733
734,வாக்கு,Conjunctions,'00734
735,பதிவு,Conjunctions,'00735
736,செய்திரு,Verb,'00736
737,கைத்துப்பாக்கி,Conjunctions,'00737
738,சுடு,Conjunctions,'00738
739,இரட்டையர்,Conjunctions,'00739
740,பிரிவு,Conjunctions,'00740
741,தங்கம்,Conjunctions,'00741
742,பதக்கம்,Conjunctions,'00742
743,வெல்,Verb,'00743
744,இந்நிலை,Conjunctions,'00744
745,ஜோடி,Conjunctions,'00745
746,இதுபோல்,Conjunctions,'00746
747,துப்பாக்கிச்சுடுதல்,Conjunctions,'00747
748,சாகு,Adjectives,'00748
749,வரை,Conjunctions,'00749
750,அதை,Verb,'00750
751,ஆக,Conjunctions,'00751
752,மன்னிப்பு,Conjunctions,'00752
753,தளபதி,Conjunctions,'00753
754,சரணடை,Verb,'00754
755,மேற்கண்ட,Adjectives,'00755
756,இணையதளம்,Conjunctions,'00756
757,அச்சப்படு,Verb,'00757
758,அற்றவன்,Conjunctions,'00758
759,தைரியம்,Conjunctions,'00759
760,ஆயுள்,Conjunctions,'00760
761,ஆதரவாளர்,Conjunctions,'00761
762,புறக்கணி,Verb,'00762
763,சிறுத்தை,Conjunctions,'00763
764,விருந்தினர்,Conjunctions,'00764
765,அதிர்ச்சி,Conjunctions,'00765
766,வேதனை,Conjunctions,'00766
767,ஈவிரக்கம்,Conjunctions,'00767
768,கணக்கு,Conjunctions,'00768
769,வித்த,Adjectives,'00769
770,சிறப்பி,Verb,'00770
771,ஆனது,Verb,'00771
772,சுமார்,Conjunctions,'00772
773,கோடி,Conjunctions,'00773
774,மேலான,Adjectives,'00774
775,ஒட்டுமொத்தம்,Adjectives,'00775
776,கேவலப்படுத்து,Verb,'00776
777,அத்துடன்,Conjunctions,'00777
778,பிறர்,Conjunctions,'00778
779,துன்பம்,Conjunctions,'00779
780,இன்பம்,Conjunctions,'00780
781,காணு,Adjectives,'00781
782,கொடூரம்,Adjectives,'00782
783,வன்மம்,Conjunctions,'00783
784,வக்கிரபுத்தி,Conjunctions,'00784
785,இதன்மூலம்,Conjunctions,'00785
786,வெளிப்படுத்து,Verb,'00786
787,சிங்கள,Conjunctions,'00787
788,மரபு,Conjunctions,'00788
789,மீறு,Verb,'00789
790,மனிதநேயம்,Conjunctions,'00790
791,இழை,Verb,'00791
792,ஜனநாயகம்,Conjunctions,'00792
793,கண்டி,Verb,'00793
794,நேர்மாறு,Conjunctions,'00794
795,குற்றவாளி,Conjunctions,'00795
796,சிவப்பு,Conjunctions,'00796
797,கம்பளம்,Conjunctions,'00797
798,விரி,Verb,'00798
799,அத்தகைய,Adjectives,'00799
800,பங்களிப்பு,Conjunctions,'00800
801,உறுதிப்படுத்து,Verb,'00801
802,போக்கு,Conjunctions,'00802
803,வன்மை,Conjunctions,'00803
804,உடனடியாக,Conjunctions,'00804
805,கைவிடு,Verb,'00805
806,வற்புறுத்து,Verb,'00806
807,உறுப்பினர்,Conjunctions,'00807
808,தமிழினம்,Conjunctions,'00808
809,விரோதம்,Conjunctions,'00809
810,அவ்விழா,Conjunctions,'00810
811,ஒற்றுமை,Conjunctions,'00811
812,கர்நாடகம்,Conjunctions,'00812
813,குடியரசு,Conjunctions,'00813
814,அமல்படுத்து,Verb,'00814
815,கழகம்,Conjunctions,'00815
816,நிரூபி,Verb,'00816
817,சுயேட்சை,Conjunctions,'00817
818,தகுதி,Conjunctions,'00818
819,நீக்கம்,Conjunctions,'00819
820,தாவல்,Conjunctions,'00820
821,கொறடா,Conjunctions,'00821
822,வாக்களி,Adjectives,'00822
823,குரல்,Conjunctions,'00823
824,வாக்கெடுப்பு,Conjunctions,'00824
825,செயல்,Conjunctions,'00825
826,சட்டப்பேரவை,Conjunctions,'00826
827,அமளி,Conjunctions,'00827
828,அடிதடி,Conjunctions,'00828
829,கூச்சல்,Conjunctions,'00829
830,மிகப்பெரிய,Adjectives,'00830
831,களங்கம்,Conjunctions,'00831
832,உண்டாகு,Adjectives,'00832
833,அவமானம்,Conjunctions,'00833
834,நீக்கு,Verb,'00834
835,நிறுவனம்,Conjunctions,'00835
836,நச்சுத்தன்மை,Conjunctions,'00836
837,கழிவு,Conjunctions,'00837
838,நீர்,Conjunctions,'00838
839,கல்,Verb,'00839
840,மறுநாள்,Conjunctions,'00840
841,திருவொற்றியூர்,Conjunctions,'00841
842,ஆர்ப்பாட்டம்,Conjunctions,'00842
843,அக்கட்சி,Conjunctions,'00843
844,வாழு,Adjectives,'00844
845,ஆபத்து,Conjunctions,'00845
846,ஒட்டு,Verb,'00846
847,ஆயிரம்,Conjunctions,'00847
848,தொழில்,Conjunctions,'00848
849,ஆலை,Conjunctions,'00849
850,வெளியேற்று,Adjectives,'00850
851,நச்சு,Conjunctions,'00851
852,தன்மை,Conjunctions,'00852
853,ரசாயனம்,Conjunctions,'00853
854,குழாய்,Conjunctions,'00854
855,வேலை,Conjunctions,'00855
856,மும்முரம்,Conjunctions,'00856
857,நட,Verb,'00857
858,பெரிய,Adjectives,'00858
859,சாமியிடம்,Conjunctions,'00859
860,அப்பகுதி,Conjunctions,'00860
861,மேற்படி,Conjunctions,'00861
862,உற்பத்தி,Conjunctions,'00862
863,மடி,Adjectives,'00863
864,சூழ்நிலை,Conjunctions,'00864
865,முற்றிலும்,Conjunctions,'00865
866,தடைபடு,Verb,'00866
867,சாமி,Conjunctions,'00867
868,தடு,Verb,'00868
869,நிறுத்து,Verb,'00869
870,வலியுறுத்து,Verb,'00870
871,வியாழன்,Conjunctions,'00871
872,கிழமை,Conjunctions,'00872
873,இலக்கியம்,Conjunctions,'00873
874,கண்டன,Conjunctions,'00874
875,தீவிரவாதி,Conjunctions,'00875
876,மாகாணம்,Conjunctions,'00876
877,கேல்,Conjunctions,'00877
878,வாகனம்,Conjunctions,'00878
879,வீசு,Adjectives,'00879
880,ராக்கெட்,Conjunctions,'00880
881,தாக்கு,Verb,'00881
882,சாலையோரம்,Conjunctions,'00882
883,கிட,Adjectives,'00883
884,ஏறு,Verb,'00884
885,சாலை,Conjunctions,'00885
886,வன்முறை,Conjunctions,'00886
887,பலியாகு,Adjectives,'00887
888,நாள்தோறும்,Conjunctions,'00888
889,ஜனவரி,Conjunctions,'00889
890,ஜூன்,Conjunctions,'00890
891,மட்டும்,Conjunctions,'00891
892,ஒன்று,Conjunctions,'00892
893,மோது,Verb,'00893
894,தானியங்கி,Conjunctions,'00894
895,இறஙு,Verb,'00895
896,எச்சரிக்கை,Conjunctions,'00896
897,ஒலி,Conjunctions,'00897
898,கண்டுகொள்,Verb,'00898
899,ஓட்டுநர்,Conjunctions,'00899
900,பஸ்,Conjunctions,'00900
901,கட,Verb,'00901
902,ஓட்டு,Verb,'00902
903,முயல்,Verb,'00903
904,பயங்கரம்,Adjectives,'00904
905,வேகம்,Conjunctions,'00905
906,பலம்,Conjunctions,'00906
907,விபத்து,Conjunctions,'00907
908,அருகு,Conjunctions,'00908
909,மருத்துவமனை,Conjunctions,'00909
910,சிலர்,Conjunctions,'00910
911,கவலைக்கிடம்,Conjunctions,'00911
912,பணியாளர்,Conjunctions,'00912
913,கொலை,Conjunctions,'00913
914,மிரட்டல்,Conjunctions,'00914
915,மாநகரம்,Conjunctions,'00915
916,அக்டோபர்,Conjunctions,'00916
917,கடிதம்,Conjunctions,'00917
918,தனிப்பிரிவு,Conjunctions,'00918
919,திங்கள்கிழமை,Conjunctions,'00919
920,அடிக்கடி,Conjunctions,'00920
921,தொந்தரவு,Conjunctions,'00921
922,சுற்று,Verb,'00922
923,நபர்,Conjunctions,'00923
924,ஊடுருவு,Verb,'00924
925,வெளியே,Conjunctions,'00925
926,காவல்துறை,Conjunctions,'00926
927,உள்பட,Adjectives,'00927
928,சீரமைப்பு,Conjunctions,'00928
929,தளம்,Conjunctions,'00929
930,தன்னார்வம்,Conjunctions,'00930
931,தொண்டு,Conjunctions,'00931
932,ஞாயிற்றுக்கிழமை,Conjunctions,'00932
933,தாக்குதல்,Conjunctions,'00933
934,தொடர்பாளர்,Conjunctions,'00934
935,வெளிவரு,Adjectives,'00935
936,பேட்டி,Conjunctions,'00936
937,கவுன்சில்,Conjunctions,'00937
938,அந்தஸ்து,Conjunctions,'00938
939,உறுதியாகு,Verb,'00939
940,ஏறக்குறைய,Conjunctions,'00940
941,இடைவெளி,Conjunctions,'00941
942,நிரந்தரம்,Conjunctions,'00942
943,அல்,Adjectives,'00943
944,உறுப்பு,Conjunctions,'00944
945,இடம்பெறு,Verb,'00945
946,போட்டியிடு,Adjectives,'00946
947,விலகு,Verb,'00947
948,பிரகாசமடை,Verb,'00948
949,பிராந்தியம்,Conjunctions,'00949
950,மேற்கு,Conjunctions,'00950
951,ஐரோப்பா,Conjunctions,'00951
952,ஆப்பிரிக்கா,Conjunctions,'00952
953,வளர்,Adjectives,'00953
954,பங்காற்றும்,Verb,'00954
955,பங்கு,Conjunctions,'00955
956,இதன்படி,Conjunctions,'00956
957,ஆதரவு,Conjunctions,'00957
958,தேவை,Conjunctions,'00958
959,கடைசி,Conjunctions,'00959
960,ஆகியவற்றின்,Conjunctions,'00960
961,நிறைவடை,Verb,'00961
962,இதையொட்டி,Conjunctions,'00962
963,சீர்திருத்தம்,Conjunctions,'00963
964,தேர்ந்தெடு,Adjectives,'00964
965,பதவிக்காலம்,Conjunctions,'00965
966,விவாதி,Verb,'00966
967,உரையாற்று,Adjectives,'00967
968,அவசியம்,Verb,'00968
969,அப்போதுதான்,Conjunctions,'00969
970,ஒருமி,Adjectives,'00970
971,எட்டு,Verb,'00971
972,உருக்கு,Conjunctions,'00972
973,சங்கம்,Conjunctions,'00973
974,விருது,Conjunctions,'00974
975,டோக்கியோ,Conjunctions,'00975
976,ஓராண்டு,Conjunctions,'00976
977,இனம்,Adjectives,'00977
978,ரீதி,Conjunctions,'00978
979,வர்ணனையாளர்,Conjunctions,'00979
980,ராஜிநாமா,Conjunctions,'00980
981,நிகழ்ச்சி,Conjunctions,'00981
982,பெயர்,Conjunctions,'00982
983,கேலி,Conjunctions,'00983
984,உச்சரி,Verb,'00984
985,அவமானப்படுத்து,Adjectives,'00985
986,விதம்,Conjunctions,'00986
987,வருத்தம்,Conjunctions,'00987
988,பேச்சு,Conjunctions,'00988
989,இந்தளவு,Conjunctions,'00989
990,சர்ச்சை,Conjunctions,'00990
991,பெரிது,Adjectives,'00991
992,பய,Verb,'00992
993,வார்த்தை,Conjunctions,'00993
994,மன்து,Conjunctions,'00994
995,புண்படுத்து,Verb,'00995
996,மன்னி,Verb,'00996
997,தடவை,Conjunctions,'00997
998,பழமைவாய்,Adjectives,'00998
999,ஆலயம்,Conjunctions,'00999
1000,சிலை,Conjunctions,'01000
1001,திருடு,Conjunctions,'01001
1002,வசி,Adjectives,'01002
1003,ஆயிரக்கணக்கு,Conjunctions,'01003
1004,திருப்பு,Verb,'01004
1005,கொடுத்திடு,Adjectives,'01005
1006,கோயில்,Conjunctions,'01006
1007,வேண்டுகோள்,Conjunctions,'01007
1008,எவ்விதம்,Adjectives,'01008
1009,சன்மானம்,Conjunctions,'01009
1010,பித்தளை,Conjunctions,'01010
1011,திருடர்,Conjunctions,'01011
1012,பழமை,Conjunctions,'01012
1013,வாய்,Verb,'01013
1014,மட்டுமல்லாது,Conjunctions,'01014
1015,முழுவதும்,Adjectives,'01015
1016,வழிபாடு,Conjunctions,'01016
1017,பேரவை,Conjunctions,'01017
1018,வெற்றிபெறு,Verb,'01018
1019,எதிராக,Conjunctions,'01019
1020,பதிவாகு,Verb,'01020
1021,திங்கட்கிழமையன்று,Conjunctions,'01021
1022,எதிர்க்கட்சி,Conjunctions,'01022
1023,சுயேச்சை,Conjunctions,'01023
1024,அவை,Conjunctions,'01024
1025,ஒத்திவை,Verb,'01025
1026,மகளிர்,Conjunctions,'01026
1027,ஒற்றையர்,Conjunctions,'01027
1028,இறுதி,Conjunctions,'01028
1029,தோல்வியடை,Verb,'01029
1030,புள்ளிக்கணக்கு,Conjunctions,'01030
1031,இழ,Adjectives,'01031
1032,புள்ளி,Conjunctions,'01032
1033,கைப்பற்று,Verb,'01033
1034,தா,Adjectives,'01034
1035,தங்கப்பதக்கம்,Conjunctions,'01035
1036,பதக்கப்பட்டியல்,Conjunctions,'01036
1037,முன்னேறு,Verb,'01037
1038,நூறு,Conjunctions,'01038
1039,மேற்பட்டோர்,Conjunctions,'01039
1040,இறுதிநாள்,Conjunctions,'01040
1041,வருகை,Conjunctions,'01041
1042,பல,Adjectives,'01042
1043,உருவம்,Conjunctions,'01043
1044,பொம்மை,Conjunctions,'01044
1045,எரி,Verb,'01045
1046,இதேபோல்,Conjunctions,'01046
1047,உருவப்பொம்மை,Conjunctions,'01047
1048,படம்,Conjunctions,'01048
1049,தேசியக்கொடி,Conjunctions,'01049
1050,போன்றவற்றை,Conjunctions,'01050
1051,கூட்டப்படு,Adjectives,'01051
1052,உயர்நீதிமன்றம்,Conjunctions,'01052
1053,தகுதிநீக்கம்,Conjunctions,'01053
1054,மனு,Conjunctions,'01054
1055,தீர்ப்பளி,Adjectives,'01055
1056,கோரு,Adjectives,'01056
1057,ஒருவரி,Conjunctions,'01057
1058,தீர்மானம்,Conjunctions,'01058
1059,டிக்கெட்,Conjunctions,'01059
1060,வில்,Verb,'01060
1061,தீர்,Verb,'01061
1062,விடுமுறை,Conjunctions,'01062
1063,தென்மாவட்டம்,Conjunctions,'01063
1064,தேதியன்று,Conjunctions,'01064
1065,முன்பதிவு,Conjunctions,'01065
1066,காத்திரு,Verb,'01066
1067,முந்தைய,Adjectives,'01067
1068,முதல்நாள்,Conjunctions,'01068
1069,வகுப்பு,Conjunctions,'01069
1070,படுக்கை,Conjunctions,'01070
1071,ஏசி,Conjunctions,'01071
1072,வேலைநிறுத்தம்,Conjunctions,'01072
1073,இயல்பு,Adjectives,'01073
1074,வாழ்க்கை,Conjunctions,'01074
1075,புரட்சிகரம்,Adjectives,'01075
1076,முன்னணி,Conjunctions,'01076
1077,மலைப்பிரதேசம்,Conjunctions,'01077
1078,பள்ளத்தாக்கு,Conjunctions,'01078
1079,கடை,Conjunctions,'01079
1080,வர்த்தகம்,Conjunctions,'01080
1081,மனிதன்,Conjunctions,'01081
1082,நேயம்,Conjunctions,'01082
1083,டாக்டர்,Conjunctions,'01083
1084,செவிலியர்,Conjunctions,'01084
1085,தாய்,Conjunctions,'01085
1086,சேய்,Conjunctions,'01086
1087,நலம்,Conjunctions,'01087
1088,மேம்பாடு,Conjunctions,'01088
1089,கட்டடம்,Conjunctions,'01089
1090,திறப்பு,Conjunctions,'01090
1091,இதயம்,Conjunctions,'01091
1092,நோய்,Conjunctions,'01092
1093,கருப்பை,Conjunctions,'01093
1094,மார்பகம்,Conjunctions,'01094
1095,புற்றுநோய்,Conjunctions,'01095
1096,தடுப்பு,Conjunctions,'01096
1097,பணம்,Conjunctions,'01097
1098,ஒதுக்கு,Verb,'01098
1099,முதன்முதல்,Conjunctions,'01099
1100,பயன்படுத்து,Verb,'01100
1101,ஏன்,Conjunctions,'01101
1102,இன்றைக்கு,Conjunctions,'01102
1103,காரியம்,Conjunctions,'01103
1104,செலவழி,Verb,'01104
1105,ஆங்காங்கே,Conjunctions,'01105
1106,அது,Conjunctions,'01106
1107,பிறகு,Conjunctions,'01107
1108,கொஞ்சம்,Conjunctions,'01108
1109,ஆற்று,Verb,'01109
1110,மாத்திரம்,Conjunctions,'01110
1111,பலன்,Verb,'01111
1112,இத்தனை,Conjunctions,'01112
1113,மருத்துவர்,Conjunctions,'01113
1114,பயன்,Verb,'01114
1115,மருத்துவத்துறை,Conjunctions,'01115
1116,நண்பர்,Conjunctions,'01116
1117,கடமை,Conjunctions,'01117
1118,மனப்பான்மை,Conjunctions,'01118
1119,உணர்வு,Conjunctions,'01119
1120,காப்பாற்று,Verb,'01120
1121,ஒத்துழைப்பு,Conjunctions,'01121
1122,ஒத்துழை,Verb,'01122
1123,சாதாரணம்,Adjectives,'01123
1124,சாமானிய,Adjectives,'01124
1125,ஏழையெளிய,Adjectives,'01125
1126,மனசாட்சி,Conjunctions,'01126
1127,மனிதாபிமானம்,Conjunctions,'01127
1128,ஆகவே,Conjunctions,'01128
1129,மக்களவை,Conjunctions,'01129
1130,பலர்,Conjunctions,'01130
1131,உடல்,Conjunctions,'01131
1132,தாய்சேய்,Conjunctions,'01132
1133,அதற்கேற்ப,Conjunctions,'01133
1134,உடல்நிலை,Conjunctions,'01134
1135,இங்கு,Conjunctions,'01135
1136,சிகரம்,Conjunctions,'01136
1137,கோலாகலம்,Conjunctions,'01137
1138,நவம்,Conjunctions,'01138
1139,செல்வம்,Conjunctions,'01139
1140,மகாலட்சுமி,Conjunctions,'01140
1141,வழிபடு,Verb,'01141
1142,போரிடு,Verb,'01142
1143,வாகை,Conjunctions,'01143
1144,சூடு,Adjectives,'01144
1145,கைவினை,Conjunctions,'01145
1146,கலைஞர்,Conjunctions,'01146
1147,உழைப்பு,Conjunctions,'01147
1148,மதிப்பளி,Adjectives,'01148
1149,திருநாளாம்,Adjectives,'01149
1150,நற்காரியம்,Conjunctions,'01150
1151,அனைவர்,Conjunctions,'01151
1152,நன்னாள்,Conjunctions,'01152
1153,எல்லாம்,Adjectives,'01153
1154,நலன்,Conjunctions,'01154
1155,வளம்,Conjunctions,'01155
1156,அமைதி,Conjunctions,'01156
1157,நல்லாட்சி,Conjunctions,'01157
1158,மலர்,Verb,'01158
1159,மனமார்ந்த,Adjectives,'01159
1160,நல்வாழ்த்து,Conjunctions,'01160
1161,தொழிலாளர்,Conjunctions,'01161
1162,இடதுசாரி,Conjunctions,'01162
1163,கூட்டறிக்கை,Conjunctions,'01163
1164,நிர்வாகி,Conjunctions,'01164
1165,செயற்குழு,Conjunctions,'01165
1166,ஒப்பந்தம்,Conjunctions,'01166
1167,பேச்சுவார்த்தை,Conjunctions,'01167
1168,சுமூக,Adjectives,'01168
1169,தீர்வு,Conjunctions,'01169
1170,காணப்படு,Verb,'01170
1171,காண்,Verb,'01171
1172,பன்னாடு,Conjunctions,'01172
1173,பழிவாங்கு,Verb,'01173
1174,உடந்தை,Conjunctions,'01174
1175,சத்துணவு,Conjunctions,'01175
1176,ஏவு,Verb,'01176
1177,இத்தகைய,Adjectives,'01177
1178,மிகுந்த,Adjectives,'01178
1179,எதிர்பார்ப்பு,Conjunctions,'01179
1180,இடை,Conjunctions,'01180
1181,அத்தியாயம்,Conjunctions,'01181
1182,பல்கலை,Conjunctions,'01182
1183,வலுப்படுத்து,Verb,'01183
1184,பிரகாசப்படுத்து,Verb,'01184
1185,மட்டுமின்றி,Conjunctions,'01185
1186,பயன்பெறு,Adjectives,'01186
1187,உறுதுணை,Conjunctions,'01187
1188,பயனடை,Adjectives,'01188
1189,விஷயம்,Conjunctions,'01189
1190,உருவெடு,Adjectives,'01190
1191,சவால்,Conjunctions,'01191
1192,சமாளி,Verb,'01192
1193,உத்தி,Conjunctions,'01193
1194,வகு,Verb,'01194
1195,எதிர்காலம்,Conjunctions,'01195
1196,கண்டறி,Verb,'01196
1197,அதற்குரிய,Adjectives,'01197
1198,உதவிகரம்,Conjunctions,'01198
1199,பரிமாறு,Verb,'01199
1200,தெற்காசியா,Conjunctions,'01200
1201,குறி,Adjectives,'01201
1202,பரிமாற்றம்,Conjunctions,'01202
1203,கட்டமைப்பு,Conjunctions,'01203
1204,ஆராய்,Verb,'01204
1205,விரிவு,Conjunctions,'01205
1206,சமூகம்,Conjunctions,'01206
1207,கா,Adjectives,'01207
1208,குறிப்பாக,Conjunctions,'01208
1209,பரிமாணம்,Conjunctions,'01209
1210,ஆக்க,Adjectives,'01210
1211,அணு,Conjunctions,'01211
1212,சக்தி,Conjunctions,'01212
1213,கையெழுத்தாகு,Verb,'01213
1214,அணுசக்தி,Conjunctions,'01214
1215,கையெழுத்து,Conjunctions,'01215
1216,ஆனதால்,Verb,'01216
1217,அத்துறை,Conjunctions,'01217
1218,கூட்டாக,Conjunctions,'01218
1219,உலை,Conjunctions,'01219
1220,தயாரி,Verb,'01220
1221,விண்வெளி,Conjunctions,'01221
1222,நீராதாரம்,Conjunctions,'01222
1223,பருவம்,Conjunctions,'01223
1224,நிலவரம்,Conjunctions,'01224
1225,வானியல்,Conjunctions,'01225
1226,சேவை,Conjunctions,'01226
1227,உள்ளிட்டவை,Conjunctions,'01227
1228,வங்கி,Conjunctions,'01228
1229,அன்னியம்,Conjunctions,'01229
1230,செலாவணி,Conjunctions,'01230
1231,நிதியம்,Conjunctions,'01231
1232,அதிகமான,Adjectives,'01232
1233,செயல்படுத்து,Verb,'01233
1234,ஆர்வம்,Conjunctions,'01234
1235,மதச்சார்பின்மை,Conjunctions,'01235
1236,எப்படி,Conjunctions,'01236
1237,எழுப்பு,Verb,'01237
1238,நம்பகத்தன்மை,Conjunctions,'01238
1239,உக,Verb,'01239
1240,அஞ்சு,Verb,'01240
1241,வகுப்புவாதம்,Adjectives,'01241
1242,முற்றுப்புள்ளி,Conjunctions,'01242
1243,ஜாதி,Conjunctions,'01243
1244,முன்னிறுத்து,Verb,'01244
1245,லாபம்,Conjunctions,'01245
1246,நீதி,Conjunctions,'01246
1247,சமதர்மம்,Conjunctions,'01247
1248,சமம்,Adjectives,'01248
1249,ஏழை,Conjunctions,'01249
1250,பணக்காரர்,Conjunctions,'01250
1251,ஹிந்து,Conjunctions,'01251
1252,முஸ்லிம்,Conjunctions,'01252
1253,சீக்கியர்,Conjunctions,'01253
1254,எல்லோர்,Conjunctions,'01254
1255,முத்திரை,Conjunctions,'01255
1256,குத்து,Verb,'01256
1257,அதனால்,Conjunctions,'01257
1258,தனித்து,Conjunctions,'01258
1259,சிரமமானது,Verb,'01259
1260,ஊரகம்,Conjunctions,'01260
1261,ஊழல்,Conjunctions,'01261
1262,துரதிருஷ்டவசம்,Conjunctions,'01262
1263,தேவையுள்ளோர்,Conjunctions,'01263
1264,ஒப்பிடு,Adjectives,'01264
1265,ஏராளமான,Adjectives,'01265
1266,குடிபெயர்,Verb,'01266
1267,பலப்படுத்து,Verb,'01267
1268,பலன்கிட்டு,Verb,'01268
1269,அதுபோல்,Conjunctions,'01269
1270,தேங்கு,Verb,'01270
1271,மீண்டும்,Conjunctions,'01271
1272,ஓவர்,Conjunctions,'01272
1273,கௌரவம்,Conjunctions,'01273
1274,கமிஷனர்,Conjunctions,'01274
1275,நேரில்,Conjunctions,'01275
1276,ஊடகம்,Conjunctions,'01276
1277,விளம்பரம்,Conjunctions,'01277
1278,ஒளிபரப்பு,Verb,'01278
1279,ஆகியவற்றில்,Conjunctions,'01279
1280,ஆவணம்,Conjunctions,'01280
1281,குற்றவியல்,Conjunctions,'01281
1282,அநேகமாக,Conjunctions,'01282
1283,செல்லல்,Verb,'01283
1284,காய்ச்சல்,Conjunctions,'01284
1285,வயது,Conjunctions,'01285
1286,சீர்,Conjunctions,'01286
1287,சுவாசம்,Conjunctions,'01287
1288,அவதிப்பட்டு,Verb,'01288
1289,தேயிலை,Conjunctions,'01289
1290,தோட்டம்,Conjunctions,'01290
1291,வனத்தோட்டம்,Conjunctions,'01291
1292,வழங்கிட்,Verb,'01292
1293,அட்டவணை,Conjunctions,'01293
1294,இறுதிசெய்,Verb,'01294
1295,பொற்கோயில்,Conjunctions,'01295
1296,பயணத்திட்டம்,Conjunctions,'01296
1297,சுற்றுப்பயணம்,Conjunctions,'01297
1298,தெரியவா,Verb,'01298
1299,குழந்தை,Conjunctions,'01299
1300,உயிரிழப்பு,Conjunctions,'01300
1301,சிகிச்சை,Conjunctions,'01301
1302,மலேரியா,Conjunctions,'01302
1303,அடுத்ததாக,Conjunctions,'01303
1304,நொய்டா,Conjunctions,'01304
1305,தூக்கிடு,Verb,'01305
1306,தற்கொலை,Conjunctions,'01306
1307,வழக்கம்போல்,Conjunctions,'01307
1308,நள்ளிரவு,Conjunctions,'01308
1309,கணிப்பொறி,Conjunctions,'01309
1310,காவல்நிலையம்,Conjunctions,'01310
1311,மகள்,Conjunctions,'01311
1312,பெற்றோர்,Conjunctions,'01312
1313,எழுதிவை,Verb,'01313
1314,கணவன்,Conjunctions,'01314
1315,அதற்காக,Conjunctions,'01315
1316,ஜீவனாம்சம்,Conjunctions,'01316
1317,தொடு,Verb,'01317
1318,பச்சையம்மாள்,Conjunctions,'01318
1319,மாதம்தோறும்,Conjunctions,'01319
1320,நீதிபதி,Conjunctions,'01320
1321,மார்க்கண்டேயம்,Conjunctions,'01321
1322,அடங்கு,Adjectives,'01322
1323,கொடுமை,Conjunctions,'01323
1324,வழக்காடு,Adjectives,'01324
1325,வாதாடு,Verb,'01325
1326,தங்கியிரு,Verb,'01326
1327,தாம்பத்யம்,Conjunctions,'01327
1328,ஈடாக,Conjunctions,'01328
1329,மனைவியர்,Conjunctions,'01329
1330,பூர்த்தி,Conjunctions,'01330
1331,ஆண்,Conjunctions,'01331
1332,துணைவர்,Conjunctions,'01332
1333,திருமணம்,Conjunctions,'01333
1334,எட்டியிரு,Verb,'01334
1335,விருப்பப்படு,Verb,'01335
1336,அங்கீகரி,Verb,'01336
1337,ஆடவன்,Conjunctions,'01337
1338,உறுதிபடு,Verb,'01338
1339,இழப்பீடு,Conjunctions,'01339
1340,மசோதா,Conjunctions,'01340
1341,விதிமுறை,Conjunctions,'01341
1342,சற்று,Conjunctions,'01342
1343,மாறுபடு,Verb,'01343
1344,மாறுபாடு,Conjunctions,'01344
1345,இந்திய-அமெரிக்கா,Conjunctions,'01345
1346,நிபந்தனை,Conjunctions,'01346
1347,பொருந்து,Verb,'01347
1348,மாற்றம்,Conjunctions,'01348
1349,விவகாரத்துறை,Conjunctions,'01349
1350,இணையமைச்சர்,Conjunctions,'01350
1351,வெளியுறவுத்துறை,Conjunctions,'01351
1352,துணையமைச்சர்,Conjunctions,'01352
1353,மேம்படு,Verb,'01353
1354,சரிவரு,Conjunctions,'01354
1355,நடைமுறை,Conjunctions,'01355
1356,பின்பற்று,Verb,'01356
1357,தரம்,Conjunctions,'01357
1358,அதிகமாக,Conjunctions,'01358
1359,உதிரி,Adjectives,'01359
1360,பாகம்,Conjunctions,'01360
1361,ஏமாற்றத்துக்குள்ளாக்கு,Verb,'01361
1362,எஞ்சு,Adjectives,'01362
1363,ஆயுதம்,Conjunctions,'01363
1364,பரவல்,Conjunctions,'01364
1365,முக்கியமானவர்,Conjunctions,'01365
1366,தீவிரம்,Conjunctions,'01366
1367,சந்தேகம்,Adjectives,'01367
1368,இருவழி,Conjunctions,'01368
1369,போல்,Verb,'01369
1370,சங்கடம்,Conjunctions,'01370
1371,வரல்,Verb,'01371
1372,தளவாடம்,Conjunctions,'01372
1373,காப்புரிமை,Conjunctions,'01373
1374,விதிமீறல்,Conjunctions,'01374
1375,ஒருங்கிணை,Verb,'01375
1376,விவாதம்,Conjunctions,'01376
1377,முள்ளிவாய்க்கால்,Conjunctions,'01377
1378,மட்டுமல்லாமல்,Conjunctions,'01378
1379,வெடிபொருள்,Conjunctions,'01379
1380,ஜாக்கெட்டு,Conjunctions,'01380
1381,மாறு,Verb,'01381
1382,படையினர்,Conjunctions,'01382
1383,செயலிழ,Verb,'01383
1384,தோற்கடி,Adjectives,'01384
1385,இதுபோன்ற,Adjectives,'01385
1386,எந்தவிதத்,Adjectives,'01386
1387,சந்தேகி,Verb,'01387
1388,ராணுவத்தினர்,Conjunctions,'01388
1389,அவசரம்,Conjunctions,'01389
1390,பிரகடனம்,Conjunctions,'01390
1391,பயமுறுத்து,Verb,'01391
1392,வேண்டியவை,Verb,'01392
1393,ஏராளம்,Conjunctions,'01393
1394,எப்போதைக்கு,Conjunctions,'01394
1395,சாத்தியம்,Conjunctions,'01395
1396,தூண்டுதல்,Conjunctions,'01396
1397,யோசனை,Conjunctions,'01397
1398,சீர்திருத்த,Adjectives,'01398
1399,சொல்,Verb,'01399
1400,அப்போதைய,Adjectives,'01400
1401,பொதுச்சபை,Conjunctions,'01401
1402,மலேசியா,Conjunctions,'01402
1403,நாட்டவர்,Conjunctions,'01403
1404,வரைவு,Conjunctions,'01404
1405,பின்தங்கு,Verb,'01405
1406,ஜெர்மனி,Conjunctions,'01406
1407,அதாவது,Conjunctions,'01407
1408,அணுஉலை,Conjunctions,'01408
1409,கூடம்,Conjunctions,'01409
1410,படிப்படி,Conjunctions,'01410
1411,gஎர்மனி,Conjunctions,'01411
