,lemma,Type,id
0,நவீனம்,Adjectives,5000
1,விமானம்,Conjunctions,5001
2,நிலையம்,Conjunctions,5002
3,நிலம்,Conjunctions,5003
4,பாதிப்பு,Conjunctions,5004
5,வகை,Conjunctions,5005
6,எடு,Verb,5006
7,படு,Verb,5007
8,முதல்வர்,Conjunctions,5008
9,உறுதியளி,Verb,5009
10,உள்,Verb,5010
11,தொடர்பு,Conjunctions,5011
12,புதன்கிழமை,Conjunctions,5012
13,வெளியிடு,Adjectives,5013
14,அறிக்கை,Conjunctions,5014
15,நாடு,Conjunctions,5015
16,போக்குவரத்து,Conjunctions,5016
17,ஏற்படு,Verb,5017
18,வரு,Adjectives,5018
19,வளர்ச்சி,Conjunctions,5019
20,கருத்து,Conjunctions,5020
21,கொள்,Verb,5021
22,முக்கியம்,Adjectives,5022
23,நகரம்,Conjunctions,5023
24,விரிவுபடுத்து,Verb,5024
25,புதிது,Conjunctions,5025
26,சர்வதேசம்,Adjectives,5026
27,அமை,Verb,5027
28,மத்திய,Adjectives,5028
29,அரசு,Conjunctions,5029
30,முடிவு,Conjunctions,5030
31,செய்,Verb,5031
32,அதன்படி,Conjunctions,5032
33,ஆகு,Adjectives,5033
34,மேம்படுத்து,Verb,5034
35,புதிய,Adjectives,5035
36,திட்டம்,Conjunctions,5036
37,உருவாகு,Verb,5037
38,நிறைவேற்று,Verb,5038
39,ஆந்திரம்,Conjunctions,5039
40,முந்து,Verb,5040
41,விடு,Verb,5041
42,ஆனால்,Conjunctions,5042
43,வரிசை,Conjunctions,5043
44,பொது,Conjunctions,5044
45,செயலாளர்,Conjunctions,5045
46,நிறுவனர்,Conjunctions,5046
47,ஆகியோர்,Conjunctions,5047
48,போராட்டம்,Adjectives,5048
49,அறிவிப்பு,Conjunctions,5049
50,கொண்டுவா,Verb,5050
51,தொல்பொருள்,Conjunctions,5051
52,ஆய்வு,Conjunctions,5052
53,சட்டம்,Conjunctions,5053
54,மக்கள்,Conjunctions,5054
55,அடிப்படை,Conjunctions,5055
56,உரிமை,Conjunctions,5056
57,பறி,Adjectives,5057
58,திரும்பு,Verb,5058
59,பெறு,Verb,5059
60,வேண்டு,Verb,5060
61,பொதுச்செயலர்,Conjunctions,5061
62,கோரிக்கை,Conjunctions,5062
63,இதுகுறித்து,Conjunctions,5063
64,பண்பாடு,Conjunctions,5064
65,அடையாளம்,Conjunctions,5065
66,பாதுகா,Verb,5066
67,துறை,Conjunctions,5067
68,தனி,Adjectives,5068
69,இயற்று,Verb,5069
70,அமைப்பு,Conjunctions,5070
71,முன்பு,Conjunctions,5071
72,பகுதி,Conjunctions,5072
73,வாழ்,Conjunctions,5073
74,வா,Verb,5074
75,அப்படி,Conjunctions,5075
76,வாழ்விடம்,Conjunctions,5076
77,அகற்று,Verb,5077
78,உள்நாடு,Conjunctions,5078
79,அகதி,Conjunctions,5079
80,மாற்று,Adjectives,5080
81,மத்தி,Conjunctions,5081
82,ஆளு,Adjectives,5082
83,கூட்டணி,Conjunctions,5083
84,ஒரு,Adjectives,5084
85,உள்ளிடு,Adjectives,5085
86,மாநிலம்,Conjunctions,5086
87,மொழி,Conjunctions,5087
88,ஆங்கிலம்,Conjunctions,5088
89,அனைத்து,Adjectives,5089
90,நாளிதழ்,Conjunctions,5090
91,முழுப்பக்கம்,Adjectives,5091
92,அளவு,Conjunctions,5092
93,விளம்பரப்படு,Verb,5093
94,நினைவு,Conjunctions,5094
95,சின்னம்,Conjunctions,5095
96,1000,Conjunctions,5096
97,அடி,Conjunctions,5097
98,கட்டுமானம்,Conjunctions,5098
99,கட்டு,Verb,5099
100,அனுமதி,Conjunctions,5100
101,இல்,Verb,5101
102,மீறுவோர்,Conjunctions,5102
103,லட்சம்,Conjunctions,5103
104,அபராதம்,Conjunctions,5104
105,தொகை,Conjunctions,5105
106,மூன்று,Conjunctions,5106
107,ஆண்டு,Conjunctions,5107
108,சிறை,Conjunctions,5108
109,தண்டனை,Conjunctions,5109
110,குடும்பத்தினர்,Conjunctions,5110
111,எண்ணிக்கை,Conjunctions,5111
112,பெருகு,Verb,5112
113,இடம்,Conjunctions,5113
114,நெருக்கடி,Conjunctions,5114
115,நிலை,Conjunctions,5115
116,மூதாதையர்,Conjunctions,5116
117,வீடு,Conjunctions,5117
118,விரிவாக்கம்,Conjunctions,5118
119,கூடுதல்,Adjectives,5119
120,அறை,Conjunctions,5120
121,தாழ்வாரம்,Conjunctions,5121
122,கழிப்பு,Conjunctions,5122
123,உரிமையாளர்,Conjunctions,5123
124,சம்பந்தப்பட்ட,Adjectives,5124
125,அதிகாரி,Conjunctions,5125
126,தண்டி,Verb,5126
127,ஏற்கனவே,Conjunctions,5127
128,ஆய்வுத்துறை,Conjunctions,5128
129,இரு,Verb,5129
130,இடி,Verb,5130
131,அதிகாரம்,Conjunctions,5131
132,வழங்கு,Verb,5132
133,மின்,Conjunctions,5133
134,இணைப்பு,Conjunctions,5134
135,இனி,Conjunctions,5135
136,மாட்டு,Verb,5136
137,சுதந்திரம்,Conjunctions,5137
138,மீன்பிடி,Conjunctions,5138
139,ஒழுங்குமுறை,Conjunctions,5139
140,எதிர்,Verb,5140
141,மீனவ,Conjunctions,5141
142,கிளர்,Verb,5142
143,எழு,Verb,5143
144,போராடு,Verb,5144
145,உலகம்,Conjunctions,5145
146,சிறந்த,Adjectives,5146
147,பட்டியல்,Conjunctions,5147
148,78,Conjunctions,5148
149,கிடை,Verb,5149
150,அமெரிக்கா,Conjunctions,5150
151,பத்திரிகை,Conjunctions,5151
152,சுகாதாரம்,Conjunctions,5152
153,கல்வி,Conjunctions,5153
154,பொருளாதாரம்,Conjunctions,5154
155,அரசியல்,Conjunctions,5155
156,அம்சம்,Conjunctions,5156
157,வை,Verb,5157
158,தொகு,Verb,5158
159,வெளியாகு,Verb,5159
160,அண்டை,Adjectives,5160
161,59,Conjunctions,5161
162,66,Conjunctions,5162
163,ஆகியவை,Conjunctions,5163
164,88,Conjunctions,5164
165,89,Conjunctions,5165
166,பிடு,Verb,5166
167,ஆசியா,Conjunctions,5167
168,முதல்,Conjunctions,5168
169,20,Conjunctions,5169
170,நான்கு,Conjunctions,5170
171,பிடி,Adjectives,5171
172,அகியவை,Conjunctions,5172
173,11,Conjunctions,5173
174,12,Conjunctions,5174
175,14,Conjunctions,5175
176,இதழ்,Conjunctions,5176
177,முறை,Conjunctions,5177
178,கேள்,Conjunctions,5178
179,நடத்து,Adjectives,5179
180,தெரி,Verb,5180
181,வாசகர்,Conjunctions,5181
182,ஆரோக்கியம்,Conjunctions,5182
183,பாதுகாப்பு,Conjunctions,5183
184,நல்ல,Adjectives,5184
185,தகுந்த,Adjectives,5185
186,நாள்,Conjunctions,5186
187,கருது,Adjectives,5187
188,பிற,Verb,5188
189,விரும்பு,Verb,5189
190,கேள்வி,Conjunctions,5190
191,பதில்,Conjunctions,5191
192,தெரிவி,Verb,5192
193,நேசி,Verb,5193
194,தலைவர்,Conjunctions,5194
195,கணிப்பு,Conjunctions,5195
196,இந்தியா,Conjunctions,5196
197,பிரதமர்,Conjunctions,5197
198,முதலிடம்,Conjunctions,5198
199,குறிப்பிடு,Verb,5199
200,தகு,Verb,5200
201,மேலும்,Conjunctions,5201
202,10,Conjunctions,5202
203,ஆயிரம்,Conjunctions,5203
204,ஊதியம்,Conjunctions,5204
205,உயர்வு,Conjunctions,5205
206,அறிவி,Verb,5206
207,முன்னர்,Conjunctions,5207
208,அலுவலகம்,Conjunctions,5208
209,தொகுதி,Conjunctions,5209
210,செலவினம்,Conjunctions,5210
211,படி,Conjunctions,5211
212,தலா,Adjectives,5212
213,5,Conjunctions,5213
214,தலைமை,Conjunctions,5214
215,நடைபெறு,Adjectives,5215
216,அமைச்சரவை,Conjunctions,5216
217,கூட்டம்,Conjunctions,5217
218,முடிவெடு,Verb,5218
219,முன்னதாக,Conjunctions,5219
220,16,Conjunctions,5220
221,80,Conjunctions,5221
222,உயர்த்து,Verb,5222
223,நாடாளுமன்றம்,Conjunctions,5223
224,கூட்டு,Adjectives,5224
225,குழு,Conjunctions,5225
226,பரிந்துரை,Conjunctions,5226
227,ஏல்,Verb,5227
228,கடந்த,Adjectives,5228
229,வாரம்,Conjunctions,5229
230,50,Conjunctions,5230
231,பிரிவினர்,Conjunctions,5231
232,அதிருப்தி,Conjunctions,5232
233,நிதி,Conjunctions,5233
234,அமைச்சர்,Conjunctions,5234
235,ராஷ்ட்ரீயம்,Conjunctions,5235
236,ஐக்கிய,Adjectives,5236
237,ஜனதாதளம்,Conjunctions,5237
238,சனிக்கிழமை,Conjunctions,5238
239,சந்தி,Verb,5239
240,விவகாரம்,Conjunctions,5240
241,உரிய,Adjectives,5241
242,நடவடிக்கை,Conjunctions,5242
243,அப்போது,Conjunctions,5243
244,பல்கலைக்கழகம்,Conjunctions,5244
245,துணைவேந்தர்,Conjunctions,5245
246,இன்று,Conjunctions,5246
247,எதிர்கட்சி,Conjunctions,5247
248,பேசு,Verb,5248
249,சந்திப்பு,Conjunctions,5249
250,மனைவி,Conjunctions,5250
251,உடன்,Conjunctions,5251
252,மரியாதை,Conjunctions,5252
253,நிமித்தம்,Conjunctions,5253
254,செய்திக்குறிப்பு,Conjunctions,5254
255,அருள்மிகு,Adjectives,5255
256,திருக்கோயில்,Conjunctions,5256
257,ஆவணி,Conjunctions,5257
258,திருவிழா,Conjunctions,5258
259,கொடியேற்றம்,Conjunctions,5259
260,தொடங்கு,Verb,5260
261,தொடர்,Conjunctions,5261
262,தொடக்கு,Conjunctions,5262
263,அதிகாலை,Conjunctions,5263
264,1,Conjunctions,5264
265,மணி,Conjunctions,5265
266,நடைதிற,Verb,5266
267,1.30,Conjunctions,5267
268,விஷ்வரூபம்,Conjunctions,5268
269,தரிசனம்,Conjunctions,5269
270,2,Conjunctions,5270
271,உதய,Conjunctions,5271
272,மார்த்தாண்டம்,Conjunctions,5272
273,அபிஷேகம்,Conjunctions,5273
274,மற்ற,Adjectives,5274
275,பூஜை,Conjunctions,5275
276,காலம்,Conjunctions,5276
277,4,Conjunctions,5277
278,வெள்ளி,Conjunctions,5278
279,பல்லக்கு,Conjunctions,5279
280,கொடி,Conjunctions,5280
281,பட்டம்,Conjunctions,5281
282,9,Conjunctions,5282
283,வீதி,Conjunctions,5283
284,உலா,Conjunctions,5284
285,5.20,Conjunctions,5285
286,வேதம்,Conjunctions,5286
287,ஓது,Verb,5287
288,பஞ்வாத்தியம்,Conjunctions,5288
289,முழங்கு,Verb,5289
290,பக்தர்,Conjunctions,5290
291,ஆரோகரா,Conjunctions,5291
292,கோஷம்,Conjunctions,5292
293,செப்பு,Conjunctions,5293
294,மரம்,Conjunctions,5294
295,கொடியேற்று,Verb,5295
296,போட்டி,Conjunctions,5296
297,வீரர்,Conjunctions,5297
298,சூதாட்டம்,Conjunctions,5298
299,ஈடுபடு,Verb,5299
300,வாழ்நாள்,Conjunctions,5300
301,தடை,Conjunctions,5301
302,விதி,Verb,5302
303,அணி,Conjunctions,5303
304,முன்னாள்,Adjectives,5304
305,பேட்ஸ்மேன்,Conjunctions,5305
306,கிரிக்கெட்,Conjunctions,5306
307,மோசடி,Conjunctions,5307
308,இடம்தரு,Verb,5308
309,கூடு,Verb,5309
310,கூறு,Adjectives,5310
311,விளையாடு,Verb,5311
312,தடைவிதி,Verb,5312
313,என்,Verb,5313
314,அளி,Verb,5314
315,முன்வா,Adjectives,5315
316,வெள்ளம்,Conjunctions,5316
317,நிவாரணம்,Conjunctions,5317
318,தயக்கம்,Conjunctions,5318
319,காட்டு,Verb,5319
320,பின்னர்,Conjunctions,5320
321,ஏற்றுக்கொள்,Verb,5321
322,தற்போது,Conjunctions,5322
323,உதவி,Conjunctions,5323
324,நேரடி,Conjunctions,5324
325,சபை,Conjunctions,5325
326,தீர்மானி,Verb,5326
327,பல்வேறு,Adjectives,5327
328,பணியாற்று,Verb,5328
329,எனவே,Conjunctions,5329
330,தகவல்,Conjunctions,5330
331,அனுப்பு,Verb,5331
332,வெளியுறவு,Conjunctions,5332
333,செய்தித்தொடர்பாளர்,Conjunctions,5333
334,கொள்கை,Conjunctions,5334
335,முத்தரப்பு,Conjunctions,5335
336,இறுதிப்போட்டி,Conjunctions,5336
337,நேற்று,Conjunctions,5337
338,முடிவடை,Verb,5338
339,காலை,Conjunctions,5339
340,சொந்த,Adjectives,5340
341,ஊர்,Conjunctions,5341
342,புறப்பட்ட,Verb,5342
343,செல்,Verb,5343
344,நாளை,Conjunctions,5344
345,மாலை,Conjunctions,5345
346,ஏற்பாடு,Conjunctions,5346
347,பாராட்டு,Conjunctions,5347
348,விழா,Conjunctions,5348
349,கல,Verb,5349
350,எதிர்பார்,Verb,5350
351,800,Conjunctions,5351
352,டெஸ்ட்,Conjunctions,5352
353,விக்கெட்டு,Conjunctions,5353
354,வீழ்த்து,Adjectives,5354
355,பெருமை,Conjunctions,5355
356,முரளிதரன்,Conjunctions,5356
357,கௌரவி,Verb,5357
358,தேசியம்,Conjunctions,5358
359,படை,Conjunctions,5359
360,சொந்தம்,Conjunctions,5360
361,ஒன்று,Conjunctions,5361
362,கொலம்பியா,Conjunctions,5362
363,எல்லை,Conjunctions,5363
364,விபத்துக்குள்ளாகு,Verb,5364
365,உயிரிழ,Verb,5365
366,அதிபர்,Conjunctions,5366
367,ரஷ்யா,Conjunctions,5367
368,தயாரிப்பு,Conjunctions,5368
369,ஓடுதளம்,Conjunctions,5369
370,சில,Adjectives,5370
371,நிமிடம்,Conjunctions,5371
372,விசாரணை,Conjunctions,5372
373,தொலைக்காட்சி,Conjunctions,5373
374,தென்மேற்கு,Conjunctions,5374
375,போதைமருந்து,Conjunctions,5375
376,கடத்தல்,Conjunctions,5376
377,குழுவினர்,Conjunctions,5377
378,தேடு,Adjectives,5378
379,பணி,Conjunctions,5379
380,மாசுபடுத்து,Adjectives,5380
381,65,Conjunctions,5381
382,தொழிற்சாலை,Conjunctions,5382
383,மூடு,Verb,5383
384,உத்தரப்பிரதேச,Conjunctions,5384
385,மாசுக்கட்டுப்பாடு,Conjunctions,5385
386,வாரியம்,Conjunctions,5386
387,ஆகஸ்ட்,Conjunctions,5387
388,28,Conjunctions,5388
389,தேதி,Conjunctions,5389
390,ஆறு,Conjunctions,5390
391,நதிநீர்,Conjunctions,5391
392,படுகை,Conjunctions,5392
393,நிர்வாகம்,Conjunctions,5393
394,பயிலரங்கு,Conjunctions,5394
395,பங்கேல்,Verb,5395
396,சுத்தப்படுத்து,Verb,5396
397,மாசு,Conjunctions,5397
398,கட்டுப்பாடு,Conjunctions,5398
399,செயலின்மை,Conjunctions,5399
400,விமர்சி,Verb,5400
401,நதி,Conjunctions,5401
402,செயல்படு,Verb,5402
403,உடன்பாடு,Conjunctions,5403
404,மண்டலம்,Conjunctions,5404
405,அடை,Verb,5405
406,100,Conjunctions,5406
407,மீனவர்,Conjunctions,5407
408,விடுதலை,Conjunctions,5408
409,தாண்டு,Verb,5409
410,புகார்,Conjunctions,5410
411,விடுவி,Verb,5411
412,342,Conjunctions,5412
413,அடுத்த,Adjectives,5413
414,சிறைச்சாலை,Conjunctions,5414
415,துணை,Conjunctions,5415
416,கண்காணிப்பாளர்,Conjunctions,5416
417,அரபிக்,Conjunctions,5417
418,கடல்,Conjunctions,5418
419,மீன்,Conjunctions,5419
420,குற்றச்சாட்டு,Conjunctions,5420
421,அவ்வப்போது,Conjunctions,5421
422,இருதரப்பு,Conjunctions,5422
423,கைது,Conjunctions,5423
424,முஸ்லீம்,Conjunctions,5424
425,ஐந்து,Conjunctions,5425
426,அமெரிக்கர்,Conjunctions,5426
427,நம்பு,Verb,5427
428,சமீபம்,Conjunctions,5428
429,வெளி,Adjectives,5429
430,கவலைப்படு,Verb,5430
431,போ,Verb,5431
432,18,Conjunctions,5432
433,சதவீத,Adjectives,5433
434,ஆராய்ச்சி,Conjunctions,5434
435,மையம்,Conjunctions,5435
436,மாதம்,Conjunctions,5436
437,தொடக்கம்,Conjunctions,5437
438,மார்ச்,Conjunctions,5438
439,2009-ல்,Conjunctions,5439
440,சதவீதத்தினர்,Conjunctions,5440
441,இப்போது,Conjunctions,5441
442,அதிகரி,Verb,5442
443,கிறிஸ்துவர்,Conjunctions,5443
444,48,Conjunctions,5444
445,34,Conjunctions,5445
446,சதவீதம்,Conjunctions,5446
447,குறை,Verb,5447
448,மதம்,Conjunctions,5448
449,குழப்பம்,Conjunctions,5449
450,கண்டனம்,Conjunctions,5450
451,வதந்தி,Conjunctions,5451
452,பெரிதும்,Conjunctions,5452
453,சிக்கு,Verb,5453
454,போலீஸார்,Conjunctions,5454
455,எனப்படு,Adjectives,5455
456,ஆட்டம்,Conjunctions,5456
457,நிகழ்வு,Conjunctions,5457
458,முன்கூட்டி,Conjunctions,5458
459,குற்றம்,Conjunctions,5459
460,சாட்டு,Verb,5460
461,இரண்டு,Conjunctions,5461
462,விசாரி,Verb,5462
463,இதனால்,Conjunctions,5463
464,செய்தியாளர்,Conjunctions,5464
465,மேலாளர்,Conjunctions,5465
466,தூரகரம்,Conjunctions,5466
467,எனினும்,Conjunctions,5467
468,இதுவரை,Conjunctions,5468
469,குற்றம்சாட்டு,Verb,5469
470,எதிர்கொள்,Verb,5470
471,வழக்கறிஞர்,Conjunctions,5471
472,ஒருவர்,Conjunctions,5472
473,நியமி,Verb,5473
474,இப்போதைக்கு,Conjunctions,5474
475,செவ்வாய்க்கிழமை,Conjunctions,5475
476,அங்கிருந்து,Conjunctions,5476
477,கார்,Conjunctions,5477
478,எஸ்டேட்,Conjunctions,5478
479,வழி,Conjunctions,5479
480,மாவட்டம்,Conjunctions,5480
481,குஞ்சப்பனை,Conjunctions,5481
482,செயலர்,Conjunctions,5482
483,தொழிற்சங்கம்,Conjunctions,5483
484,உள்ளிட்டோர்,Conjunctions,5484
485,வரவேல்,Verb,5485
486,அதையடுத்து,Conjunctions,5486
487,ஊராட்சி,Conjunctions,5487
488,ஊர்மக்கள்,Conjunctions,5488
489,சிறப்பு,Adjectives,5489
490,வரவேற்பு,Conjunctions,5490
491,நுழைவாயில்,Conjunctions,5491
492,பிரமுகர்,Conjunctions,5492
493,வழியெங்கு,Conjunctions,5493
494,பொதுமக்கள்,Conjunctions,5494
495,பூங்கொத்து,Conjunctions,5495
496,40,Conjunctions,5496
497,தங்கு,Verb,5497
498,மேற்கொள்,Verb,5498
499,வட்டாரம்,Conjunctions,5499
500,தமிழகம்,Conjunctions,5500
501,31,Conjunctions,5501
502,பொறுப்பேல்,Verb,5502
503,ஓய்வுபெறு,Verb,5503
504,பொறுப்பு,Conjunctions,5504
505,ஏற்கெனவே,Conjunctions,5505
506,வகி,Verb,5506
507,விழிப்பு,Conjunctions,5507
508,கண்காணிப்புத்துறை,Conjunctions,5508
509,ஆணையாளர்,Conjunctions,5509
510,பதவி,Conjunctions,5510
511,வாழ்த்து,Conjunctions,5511
512,ஒப்படை,Verb,5512
513,1977,Conjunctions,5513
514,சேர்,Conjunctions,5514
515,பூர்வீகம்,Conjunctions,5515
516,1954,Conjunctions,5516
517,கன்னடம்,Conjunctions,5517
518,எழுது,Verb,5518
519,விலங்கியல்,Conjunctions,5519
520,படிப்பு,Conjunctions,5520
521,பட்டயம்,Conjunctions,5521
522,திருச்சி,Conjunctions,5522
523,ஆட்சியர்,Conjunctions,5523
524,பயிற்சி,Conjunctions,5524
525,அடுத்தடுத்த,Adjectives,5525
526,சார்பு,Conjunctions,5526
527,இணை,Conjunctions,5527
528,1987,Conjunctions,5528
529,1992,Conjunctions,5529
530,வேலைவாய்ப்பு,Conjunctions,5530
531,இயக்குநர்,Conjunctions,5531
532,அதற்கடுத்த,Adjectives,5532
533,நிதித்துறை,Conjunctions,5533
534,1996,Conjunctions,5534
535,நகராட்சி,Conjunctions,5535
536,குடிநீர்,Conjunctions,5536
537,2001,Conjunctions,5537
538,புள்ளியியல்,Conjunctions,5538
539,ஆணையர்,Conjunctions,5539
540,2006,Conjunctions,5540
541,பிற்பகுதி,Conjunctions,5541
542,உள்துறை,Conjunctions,5542
543,கண்காணிப்பு,Conjunctions,5543
544,இதன்பின்,Conjunctions,5544
545,ஆட்சி,Conjunctions,5545
546,பெண்,Conjunctions,5546
547,செயலாளார்,Conjunctions,5547
548,2008,Conjunctions,5548
549,செப்டம்பர்,Conjunctions,5549
550,சரி,Conjunctions,5550
551,ஓய்வு,Conjunctions,5551
552,செம்மொழி,Conjunctions,5552
553,மாநாடு,Conjunctions,5553
554,நீட்டிப்பு,Conjunctions,5554
555,பெரு,Adjectives,5555
556,முயற்சி,Conjunctions,5556
557,முடி,Verb,5557
558,சாதனை,Conjunctions,5558
559,இது,Adjectives,5559
560,உத்தரவு,Conjunctions,5560
561,ஆளுநர்,Conjunctions,5561
562,விரைவு,Conjunctions,5562
563,செயலகம்,Conjunctions,5563
564,நிறைவு,Conjunctions,5564
565,வாய்ப்பு,Conjunctions,5565
566,காவல்,Conjunctions,5566
567,உயர்,Adjectives,5567
568,அணை,Conjunctions,5568
569,உடை,Verb,5569
570,விபரீதம்,Adjectives,5570
571,விளைவு,Conjunctions,5571
572,உறவு,Conjunctions,5572
573,பெரும்,Adjectives,5573
574,விரிசல்,Conjunctions,5574
575,ஏற்படுத்து,Verb,5575
576,380,Conjunctions,5576
577,கோடி,Conjunctions,5577
578,ஒதுக்கீடு,Conjunctions,5578
579,பிரச்னை,Conjunctions,5579
580,சாசனம்,Conjunctions,5580
581,பெஞ்ச்,Conjunctions,5581
582,கேரள,Conjunctions,5582
583,வழக்கம்,Conjunctions,5583
584,உச்சநீதிமன்றம்,Conjunctions,5584
585,துச்சம்,Conjunctions,5585
586,நினை,Verb,5586
587,வழக்கு,Conjunctions,5587
588,காரணம்,Conjunctions,5588
589,பாதகம்,Conjunctions,5589
590,உச்சம்,Conjunctions,5590
591,நீதிமன்றம்,Conjunctions,5591
592,தீர்ப்பு,Conjunctions,5592
593,சாதகம்,Conjunctions,5593
594,பேர்,Conjunctions,5594
595,ஆஜர்,Adjectives,5595
596,எழுத்துப்பூர்வம்,Conjunctions,5596
597,ஒப்புதல்,Conjunctions,5597
598,நோக்கம்,Conjunctions,5598
599,தென்,Conjunctions,5599
600,17,Conjunctions,5600
601,ஏக்கர்,Conjunctions,5601
602,பாசனம்,Conjunctions,5602
603,பாதி,Verb,5603
604,உணர்,Verb,5604
605,மோசம்,Conjunctions,5605
606,பின்னடைவு,Conjunctions,5606
607,அணுகுமுறை,Conjunctions,5607
608,வாழ்வாதாரம்,Conjunctions,5608
609,சூழல்,Conjunctions,5609
610,நிலவு,Verb,5610
611,செப்.15,Conjunctions,5611
612,திராவிடம்,Conjunctions,5612
613,இயக்கம்,Conjunctions,5613
614,வரலாறு,Conjunctions,5614
615,தாக்கம்,Conjunctions,5615
616,கட்சி,Conjunctions,5616
617,சாராத,Adjectives,5617
618,இளைஞர்,Conjunctions,5618
619,அதிகளவு,Conjunctions,5619
620,அழைப்பு,Conjunctions,5620
621,போர்,Conjunctions,5621
622,முகாம்,Conjunctions,5622
623,உறுதி,Conjunctions,5623
624,அங்கு,Conjunctions,5624
625,அவர்,Conjunctions,5625
626,பார்வையிடு,Verb,5626
627,அங்குள்ள,Adjectives,5627
628,நிறை,Conjunctions,5628
629,முடிந்தளவு,Conjunctions,5629
630,உதவு,Verb,5630
631,தயார்,Conjunctions,5631
632,இயன்றவரை,Conjunctions,5632
633,கண்டிப்பாக,Conjunctions,5633
634,உள்ளூர்,Conjunctions,5634
635,ராணுவம்,Conjunctions,5635
636,தலைமையகம்,Conjunctions,5636
637,அழை,Verb,5637
638,வடக்கு,Conjunctions,5638
639,புலி,Conjunctions,5639
640,3,Conjunctions,5640
641,பதுங்கு,Conjunctions,5641
642,குழி,Conjunctions,5642
643,பார்,Verb,5643
644,வெடி,Adjectives,5644
645,வெடிகுண்டு,Conjunctions,5645
646,காண்பி,Verb,5646
647,மறு,Adjectives,5647
648,குடியமர்வு,Conjunctions,5648
649,விவசாயம்,Conjunctions,5649
650,உபகரணம்,Conjunctions,5650
651,உபயோகம்,Conjunctions,5651
652,பொருள்,Conjunctions,5652
653,பிரதிநிதி,Conjunctions,5653
654,ஆலோசனை,Conjunctions,5654
655,மறுபடியும்,Conjunctions,5655
656,குடியமர்த்து,Verb,5656
657,வசதி,Conjunctions,5657
658,கொடு,Verb,5658
659,ஆலோசி,Verb,5659
660,சிரமப்படு,Adjectives,5660
661,தேவையானவற்றை,Conjunctions,5661
662,தரு,Adjectives,5662
663,நம்பிக்கை,Conjunctions,5663
664,தூதர்,Conjunctions,5664
665,விடுதலைப்புலி,Conjunctions,5665
666,புதை,Verb,5666
667,அப்புறப்படுத்து,Adjectives,5667
668,7,Conjunctions,5668
669,முன்,Conjunctions,5669
670,தீவு,Conjunctions,5670
671,கிழக்கு,Conjunctions,5671
672,வியாழக்கிழமை,Conjunctions,5672
673,|,Conjunctions,5673
674,500,Conjunctions,5674
675,நிதியுதவி,Conjunctions,5675
676,அறிவு,Verb,5676
677,இதுதவிர,Conjunctions,5677
678,சேகரி,Adjectives,5678
679,2.5,Conjunctions,5679
680,குடும்பம்,Conjunctions,5680
681,பாக்கெட்,Conjunctions,5681
682,கூடாரம்,Conjunctions,5682
683,2500,Conjunctions,5683
684,மெட்ரிக்,Conjunctions,5684
685,டன்,Conjunctions,5685
686,55,Conjunctions,5686
687,பேருந்து,Conjunctions,5687
688,சிமென்ட்,Conjunctions,5688
689,மூட்டை,Conjunctions,5689
690,சேதமடை,Adjectives,5690
691,பழுதுபார்,Verb,5691
692,வட,Conjunctions,5692
693,ரயில்,Conjunctions,5693
694,பாதை,Conjunctions,5694
695,துறைமுகம்,Conjunctions,5695
696,கலாசாரம்,Conjunctions,5696
697,விளையாட்டு,Conjunctions,5697
698,அரங்கு,Conjunctions,5698
699,ஆகியவற்றைக்,Conjunctions,5699
700,இறக்கு,Verb,5700
701,கடுமை,Adjectives,5701
702,செய்தி,Conjunctions,5702
703,அந்நாடு,Conjunctions,5703
704,நகர்,Conjunctions,5704
705,தயாராகு,Verb,5705
706,புறப்படு,Verb,5706
707,கீழ்,Conjunctions,5707
708,ஊழியர்,Conjunctions,5708
709,சர்ச்சைக்குரிய,Adjectives,5709
710,முழு,Adjectives,5710
711,விவரம்,Conjunctions,5711
712,கிட்டத்தட்ட,Conjunctions,5712
713,இரண்டரை,Conjunctions,5713
714,நேரம்,Conjunctions,5714
715,தூதரகம்,Conjunctions,5715
716,அச்சுறுத்தல்,Conjunctions,5716
717,இந்த,Conjunctions,5717
718,சம்பவம்,Conjunctions,5718
719,அடுத்து,Verb,5719
720,பயணம்,Conjunctions,5720
721,ரத்து,Conjunctions,5721
722,உத்தரவிடு,Verb,5722
723,ஜார்க்கண்ட்,Conjunctions,5723
724,நிகழ்,Adjectives,5724
725,கடும்,Adjectives,5725
726,துப்பாக்கிச்சண்டை,Conjunctions,5726
727,போலீசார்,Conjunctions,5727
728,காயமடை,Verb,5728
729,வனப்பகுதி,Conjunctions,5729
730,தலை,Conjunctions,5730
731,குண்டு,Conjunctions,5731
732,பாய்,Adjectives,5732
733,ஐஜி,Conjunctions,5733
734,அதிரடிப்படை,Conjunctions,5734
735,இருவர்,Conjunctions,5735
736,இதையடுத்து,Conjunctions,5736
737,தும்கா,Conjunctions,5737
738,விரை,Conjunctions,5738
739,சதுர்த்தி,Conjunctions,5739
740,பண்டிகை,Conjunctions,5740
741,கொண்டாடு,Adjectives,5741
742,முன்னிட்டு,Verb,5742
743,நல்லெண்ணம்,Adjectives,5743
744,85,Conjunctions,5744
745,கைதி,Conjunctions,5745
746,பெரும்பாலானவர்,Conjunctions,5746
747,ஆவர்,Verb,5747
748,58,Conjunctions,5748
749,பிறப்பி,Verb,5749
750,அமைச்சகம்,Conjunctions,5750
751,மொத்தம்,Adjectives,5751
752,விடுதலைசெய்,Verb,5752
753,128,Conjunctions,5753
754,213,Conjunctions,5754
755,தீவிரவாதம்,Conjunctions,5755
756,வெள்ளை,Conjunctions,5756
757,மாளிகை,Conjunctions,5757
758,இவ்வாறு,Conjunctions,5758
759,உயிர்,Conjunctions,5759
760,பிடிபடு,Verb,5760
761,கொல்,Verb,5761
762,அதற்கான,Adjectives,5762
763,இரவு,Conjunctions,5763
764,பகல்,Conjunctions,5764
765,பாடுபடு,Verb,5765
766,இன்னும்,Conjunctions,5766
767,மனிதவளம்,Conjunctions,5767
768,மேம்பாட்டுத்துறை,Conjunctions,5768
769,உயர்கல்வி,Conjunctions,5769
770,கவனம்,Conjunctions,5770
771,செலுத்து,Verb,5771
772,பள்ளி,Conjunctions,5772
773,மூத்த,Adjectives,5773
774,ஐஐடி,Conjunctions,5774
775,மருத்துவம்,Conjunctions,5775
776,வெளிநாடு,Conjunctions,5776
777,பேராசிரியர்,Conjunctions,5777
778,மாணவர்,Conjunctions,5778
779,நுழைவு,Conjunctions,5779
780,தேர்வு,Conjunctions,5780
781,ஆளுங்கட்சி,Conjunctions,5781
782,பிரதேசம்,Conjunctions,5782
783,அறிவுறுத்து,Verb,5783
784,பரபரப்பு,Conjunctions,5784
785,எதிர்ப்பு,Conjunctions,5785
786,உள்ளாட்சி,Conjunctions,5786
787,தேர்தல்,Conjunctions,5787
788,பெரும்பான்மை,Adjectives,5788
789,வெற்றி,Conjunctions,5789
790,6,Conjunctions,5790
791,555,Conjunctions,5791
792,444-ல்,Conjunctions,5792
793,போலி,Conjunctions,5793
794,பிரசாரம்,Conjunctions,5794
795,பொதுக்கூட்டம்,Conjunctions,5795
796,புலனாய்வு,Conjunctions,5796
797,நிராகரி,Verb,5797
798,மேற்பட்ட,Adjectives,5798
799,வாக்காளர்,Conjunctions,5799
800,45,Conjunctions,5800
801,வாக்கு,Conjunctions,5801
802,பதிவு,Conjunctions,5802
803,செய்திரு,Verb,5803
804,மீட்டர்,Conjunctions,5804
805,கைத்துப்பாக்கி,Conjunctions,5805
806,சுடு,Conjunctions,5806
807,இரட்டையர்,Conjunctions,5807
808,பிரிவு,Conjunctions,5808
809,தங்கம்,Conjunctions,5809
810,பதக்கம்,Conjunctions,5810
811,வெல்,Verb,5811
812,இந்நிலை,Conjunctions,5812
813,ஜோடி,Conjunctions,5813
814,25,Conjunctions,5814
815,இதுபோல்,Conjunctions,5815
816,துப்பாக்கிச்சுடுதல்,Conjunctions,5816
817,சாகு,Adjectives,5817
818,வரை,Conjunctions,5818
819,அதை,Verb,5819
820,ஆக,Conjunctions,5820
821,மன்னிப்பு,Conjunctions,5821
822,தளபதி,Conjunctions,5822
823,சரணடை,Verb,5823
824,மேற்கண்ட,Adjectives,5824
825,இணையதளம்,Conjunctions,5825
826,அச்சப்படு,Verb,5826
827,அற்றவன்,Conjunctions,5827
828,தைரியம்,Conjunctions,5828
829,ஆயுள்,Conjunctions,5829
830,ஆதரவாளர்,Conjunctions,5830
831,புறக்கணி,Verb,5831
832,சிறுத்தை,Conjunctions,5832
833,விருந்தினர்,Conjunctions,5833
834,அதிர்ச்சி,Conjunctions,5834
835,வேதனை,Conjunctions,5835
836,ஈவிரக்கம்,Conjunctions,5836
837,கணக்கு,Conjunctions,5837
838,வித்த,Adjectives,5838
839,சிறப்பி,Verb,5839
840,ஆனது,Verb,5840
841,சுமார்,Conjunctions,5841
842,மேலான,Adjectives,5842
843,ஒட்டுமொத்தம்,Adjectives,5843
844,கேவலப்படுத்து,Verb,5844
845,அத்துடன்,Conjunctions,5845
846,பிறர்,Conjunctions,5846
847,துன்பம்,Conjunctions,5847
848,இன்பம்,Conjunctions,5848
849,காணு,Adjectives,5849
850,கொடூரம்,Adjectives,5850
851,வன்மம்,Conjunctions,5851
852,வக்கிரபுத்தி,Conjunctions,5852
853,இதன்மூலம்,Conjunctions,5853
854,வெளிப்படுத்து,Verb,5854
855,சிங்கள,Conjunctions,5855
856,மரபு,Conjunctions,5856
857,மீறு,Verb,5857
858,மனிதநேயம்,Conjunctions,5858
859,இழை,Verb,5859
860,ஜனநாயகம்,Conjunctions,5860
861,கண்டி,Verb,5861
862,நேர்மாறு,Conjunctions,5862
863,குற்றவாளி,Conjunctions,5863
864,சிவப்பு,Conjunctions,5864
865,கம்பளம்,Conjunctions,5865
866,விரி,Verb,5866
867,அத்தகைய,Adjectives,5867
868,பங்களிப்பு,Conjunctions,5868
869,உறுதிப்படுத்து,Verb,5869
870,போக்கு,Conjunctions,5870
871,வன்மை,Conjunctions,5871
872,உடனடியாக,Conjunctions,5872
873,கைவிடு,Verb,5873
874,வற்புறுத்து,Verb,5874
875,உறுப்பினர்,Conjunctions,5875
876,தமிழினம்,Conjunctions,5876
877,விரோதம்,Conjunctions,5877
878,அவ்விழா,Conjunctions,5878
879,ஒற்றுமை,Conjunctions,5879
880,கர்நாடகம்,Conjunctions,5880
881,குடியரசு,Conjunctions,5881
882,அமல்படுத்து,Verb,5882
883,கழகம்,Conjunctions,5883
884,நிரூபி,Verb,5884
885,சுயேட்சை,Conjunctions,5885
886,தகுதி,Conjunctions,5886
887,நீக்கம்,Conjunctions,5887
888,தாவல்,Conjunctions,5888
889,கொறடா,Conjunctions,5889
890,வாக்களி,Adjectives,5890
891,குரல்,Conjunctions,5891
892,வாக்கெடுப்பு,Conjunctions,5892
893,செயல்,Conjunctions,5893
894,சட்டப்பேரவை,Conjunctions,5894
895,அமளி,Conjunctions,5895
896,அடிதடி,Conjunctions,5896
897,கூச்சல்,Conjunctions,5897
898,மிகப்பெரிய,Adjectives,5898
899,களங்கம்,Conjunctions,5899
900,உண்டாகு,Adjectives,5900
901,அவமானம்,Conjunctions,5901
902,நீக்கு,Verb,5902
903,நிறுவனம்,Conjunctions,5903
904,நச்சுத்தன்மை,Conjunctions,5904
905,கழிவு,Conjunctions,5905
906,நீர்,Conjunctions,5906
907,கல்,Verb,5907
908,மறுநாள்,Conjunctions,5908
909,திருவொற்றியூர்,Conjunctions,5909
910,ஆர்ப்பாட்டம்,Conjunctions,5910
911,அக்கட்சி,Conjunctions,5911
912,வாழு,Adjectives,5912
913,ஆபத்து,Conjunctions,5913
914,ஒட்டு,Verb,5914
915,60,Conjunctions,5915
916,தொழில்,Conjunctions,5916
917,ஆலை,Conjunctions,5917
918,வெளியேற்று,Adjectives,5918
919,நச்சு,Conjunctions,5919
920,தன்மை,Conjunctions,5920
921,ரசாயனம்,Conjunctions,5921
922,குழாய்,Conjunctions,5922
923,வேலை,Conjunctions,5923
924,மும்முரம்,Conjunctions,5924
925,நட,Verb,5925
926,பெரிய,Adjectives,5926
927,சாமியிடம்,Conjunctions,5927
928,அப்பகுதி,Conjunctions,5928
929,மேற்படி,Conjunctions,5929
930,உற்பத்தி,Conjunctions,5930
931,மடி,Adjectives,5931
932,சூழ்நிலை,Conjunctions,5932
933,முற்றிலும்,Conjunctions,5933
934,தடைபடு,Verb,5934
935,சாமி,Conjunctions,5935
936,தடு,Verb,5936
937,நிறுத்து,Verb,5937
938,வலியுறுத்து,Verb,5938
939,14.10.2010,Conjunctions,5939
940,வியாழன்,Conjunctions,5940
941,கிழமை,Conjunctions,5941
942,இலக்கியம்,Conjunctions,5942
943,கண்டன,Conjunctions,5943
944,தீவிரவாதி,Conjunctions,5944
945,மாகாணம்,Conjunctions,5945
946,கேல்,Conjunctions,5946
947,வாகனம்,Conjunctions,5947
948,வீசு,Adjectives,5948
949,ராக்கெட்,Conjunctions,5949
950,தாக்கு,Verb,5950
951,சாலையோரம்,Conjunctions,5951
952,கிட,Adjectives,5952
953,ஏறு,Verb,5953
954,சாலை,Conjunctions,5954
955,வன்முறை,Conjunctions,5955
956,பலியாகு,Adjectives,5956
957,நாள்தோறும்,Conjunctions,5957
958,2010,Conjunctions,5958
959,ஜனவரி,Conjunctions,5959
960,ஜூன்,Conjunctions,5960
961,மட்டும்,Conjunctions,5961
962,1200க்க்,Conjunctions,5962
963,2000,Conjunctions,5963
964,மோது,Verb,5964
965,37,Conjunctions,5965
966,தானியங்கி,Conjunctions,5966
967,இறஙு,Verb,5967
968,எச்சரிக்கை,Conjunctions,5968
969,ஒலி,Conjunctions,5969
970,கண்டுகொள்,Verb,5970
971,ஓட்டுநர்,Conjunctions,5971
972,பஸ்,Conjunctions,5972
973,கட,Verb,5973
974,ஓட்டு,Verb,5974
975,முயல்,Verb,5975
976,பயங்கரம்,Adjectives,5976
977,வேகம்,Conjunctions,5977
978,பலம்,Conjunctions,5978
979,விபத்து,Conjunctions,5979
980,அருகு,Conjunctions,5980
981,மருத்துவமனை,Conjunctions,5981
982,சிலர்,Conjunctions,5982
983,கவலைக்கிடம்,Conjunctions,5983
984,பணியாளர்,Conjunctions,5984
985,கொலை,Conjunctions,5985
986,மிரட்டல்,Conjunctions,5986
987,மாநகரம்,Conjunctions,5987
988,அக்டோபர்,Conjunctions,5988
989,18-ல்,Conjunctions,5989
990,10-க்க்,Conjunctions,5990
991,கடிதம்,Conjunctions,5991
992,தனிப்பிரிவு,Conjunctions,5992
993,திங்கள்கிழமை,Conjunctions,5993
994,அடிக்கடி,Conjunctions,5994
995,தொந்தரவு,Conjunctions,5995
996,சுற்று,Verb,5996
997,நபர்,Conjunctions,5997
998,ஊடுருவு,Verb,5998
999,வெளியே,Conjunctions,5999
1000,காவல்துறை,Conjunctions,6000
1001,உள்பட,Adjectives,6001
1002,சீரமைப்பு,Conjunctions,6002
1003,தளம்,Conjunctions,6003
1004,தன்னார்வம்,Conjunctions,6004
1005,தொண்டு,Conjunctions,6005
1006,ஞாயிற்றுக்கிழமை,Conjunctions,6006
1007,தாக்குதல்,Conjunctions,6007
1008,தொடர்பாளர்,Conjunctions,6008
1009,வெளிவரு,Adjectives,6009
1010,பேட்டி,Conjunctions,6010
1011,கவுன்சில்,Conjunctions,6011
1012,அந்தஸ்து,Conjunctions,6012
1013,உறுதியாகு,Verb,6013
1014,ஏறக்குறைய,Conjunctions,6014
1015,19,Conjunctions,6015
1016,இடைவெளி,Conjunctions,6016
1017,நிரந்தரம்,Conjunctions,6017
1018,அல்,Adjectives,6018
1019,உறுப்பு,Conjunctions,6019
1020,இடம்பெறு,Verb,6020
1021,போட்டியிடு,Adjectives,6021
1022,விலகு,Verb,6022
1023,பிரகாசமடை,Verb,6023
1024,பிராந்தியம்,Conjunctions,6024
1025,மேற்கு,Conjunctions,6025
1026,ஐரோப்பா,Conjunctions,6026
1027,ஆப்பிரிக்கா,Conjunctions,6027
1028,வளர்,Adjectives,6028
1029,பங்காற்றும்,Verb,6029
1030,மூன்றில்,Conjunctions,6030
1031,பங்கு,Conjunctions,6031
1032,இதன்படி,Conjunctions,6032
1033,ஆதரவு,Conjunctions,6033
1034,தேவை,Conjunctions,6034
1035,கடைசி,Conjunctions,6035
1036,ஆகியவற்றின்,Conjunctions,6036
1037,நிறைவடை,Verb,6037
1038,இதையொட்டி,Conjunctions,6038
1039,சீர்திருத்தம்,Conjunctions,6039
1040,ஜி-4,Conjunctions,6040
1041,தேர்ந்தெடு,Adjectives,6041
1042,பதவிக்காலம்,Conjunctions,6042
1043,விவாதி,Verb,6043
1044,உரையாற்று,Adjectives,6044
1045,அவசியம்,Verb,6045
1046,அப்போதுதான்,Conjunctions,6046
1047,ஒருமி,Adjectives,6047
1048,எட்டு,Verb,6048
1049,உருக்கு,Conjunctions,6049
1050,சங்கம்,Conjunctions,6050
1051,விருது,Conjunctions,6051
1052,டோக்கியோ,Conjunctions,6052
1053,ஓராண்டு,Conjunctions,6053
1054,முதன்,Conjunctions,6054
1055,இனம்,Adjectives,6055
1056,ரீதி,Conjunctions,6056
1057,வர்ணனையாளர்,Conjunctions,6057
1058,ராஜிநாமா,Conjunctions,6058
1059,நிகழ்ச்சி,Conjunctions,6059
1060,பெயர்,Conjunctions,6060
1061,கேலி,Conjunctions,6061
1062,உச்சரி,Verb,6062
1063,அவமானப்படுத்து,Adjectives,6063
1064,விதம்,Conjunctions,6064
1065,வருத்தம்,Conjunctions,6065
1066,பேச்சு,Conjunctions,6066
1067,இந்தளவு,Conjunctions,6067
1068,சர்ச்சை,Conjunctions,6068
1069,பெரிது,Adjectives,6069
1070,பய,Verb,6070
1071,வார்த்தை,Conjunctions,6071
1072,மன்து,Conjunctions,6072
1073,புண்படுத்து,Verb,6073
1074,மன்னி,Verb,6074
1075,தடவை,Conjunctions,6075
1076,பழமைவாய்,Adjectives,6076
1077,ஆலயம்,Conjunctions,6077
1078,சிலை,Conjunctions,6078
1079,திருடு,Conjunctions,6079
1080,வசி,Adjectives,6080
1081,ஆயிரக்கணக்கு,Conjunctions,6081
1082,திருப்பு,Verb,6082
1083,கொடுத்திடு,Adjectives,6083
1084,கோயில்,Conjunctions,6084
1085,வேண்டுகோள்,Conjunctions,6085
1086,எவ்விதம்,Adjectives,6086
1087,சன்மானம்,Conjunctions,6087
1088,பித்தளை,Conjunctions,6088
1089,திருடர்,Conjunctions,6089
1090,பழமை,Conjunctions,6090
1091,வாய்,Verb,6091
1092,மட்டுமல்லாது,Conjunctions,6092
1093,முழுவதும்,Adjectives,6093
1094,வழிபாடு,Conjunctions,6094
1095,பேரவை,Conjunctions,6095
1096,வெற்றிபெறு,Verb,6096
1097,206,Conjunctions,6097
1098,106,Conjunctions,6098
1099,எதிராக,Conjunctions,6099
1100,பதிவாகு,Verb,6100
1101,திங்கட்கிழமையன்று,Conjunctions,6101
1102,எதிர்க்கட்சி,Conjunctions,6102
1103,சுயேச்சை,Conjunctions,6103
1104,அவை,Conjunctions,6104
1105,ஒத்திவை,Verb,6105
1106,மகளிர்,Conjunctions,6106
1107,ஒற்றையர்,Conjunctions,6107
1108,இறுதி,Conjunctions,6108
1109,தோல்வியடை,Verb,6109
1110,19-21,Conjunctions,6110
1111,புள்ளிக்கணக்கு,Conjunctions,6111
1112,இழ,Adjectives,6112
1113,22-20,Conjunctions,6113
1114,21-13,Conjunctions,6114
1115,புள்ளி,Conjunctions,6115
1116,கைப்பற்று,Verb,6116
1117,2-1,Conjunctions,6117
1118,தா,Adjectives,6118
1119,தங்கப்பதக்கம்,Conjunctions,6119
1120,38-,Conjunctions,6120
1121,பதக்கப்பட்டியல்,Conjunctions,6121
1122,முன்னேறு,Verb,6122
1123,நூறு,Conjunctions,6123
1124,மேற்பட்டோர்,Conjunctions,6124
1125,இறுதிநாள்,Conjunctions,6125
1126,வருகை,Conjunctions,6126
1127,பல,Adjectives,6127
1128,உருவம்,Conjunctions,6128
1129,பொம்மை,Conjunctions,6129
1130,எரி,Verb,6130
1131,இதேபோல்,Conjunctions,6131
1132,உருவப்பொம்மை,Conjunctions,6132
1133,படம்,Conjunctions,6133
1134,தேசியக்கொடி,Conjunctions,6134
1135,போன்றவற்றை,Conjunctions,6135
1136,கூட்டப்படு,Adjectives,6136
1137,உயர்நீதிமன்றம்,Conjunctions,6137
1138,தகுதிநீக்கம்,Conjunctions,6138
1139,மனு,Conjunctions,6139
1140,தீர்ப்பளி,Adjectives,6140
1141,கோரு,Adjectives,6141
1142,ஒருவரி,Conjunctions,6142
1143,தீர்மானம்,Conjunctions,6143
1144,டிக்கெட்,Conjunctions,6144
1145,வில்,Verb,6145
1146,தீர்,Verb,6146
1147,15,Conjunctions,6147
1148,விடுமுறை,Conjunctions,6148
1149,தென்மாவட்டம்,Conjunctions,6149
1150,தேதியன்று,Conjunctions,6150
1151,முன்பதிவு,Conjunctions,6151
1152,காத்திரு,Verb,6152
1153,90,Conjunctions,6153
1154,முந்தைய,Adjectives,6154
1155,முதல்நாள்,Conjunctions,6155
1156,8,Conjunctions,6156
1157,வகுப்பு,Conjunctions,6157
1158,படுக்கை,Conjunctions,6158
1159,ஏசி,Conjunctions,6159
1160,வேலைநிறுத்தம்,Conjunctions,6160
1161,இயல்பு,Adjectives,6161
1162,வாழ்க்கை,Conjunctions,6162
1163,1949,Conjunctions,6163
1164,15-ல்,Conjunctions,6164
1165,புரட்சிகரம்,Adjectives,6165
1166,முன்னணி,Conjunctions,6166
1167,மலைப்பிரதேசம்,Conjunctions,6167
1168,பள்ளத்தாக்கு,Conjunctions,6168
1169,கடை,Conjunctions,6169
1170,வர்த்தகம்,Conjunctions,6170
1171,மனிதன்,Conjunctions,6171
1172,நேயம்,Conjunctions,6172
1173,டாக்டர்,Conjunctions,6173
1174,செவிலியர்,Conjunctions,6174
1175,தாய்,Conjunctions,6175
1176,சேய்,Conjunctions,6176
1177,நலம்,Conjunctions,6177
1178,125,Conjunctions,6178
1179,மேம்பாடு,Conjunctions,6179
1180,கட்டடம்,Conjunctions,6180
1181,திறப்பு,Conjunctions,6181
1182,இதயம்,Conjunctions,6182
1183,நோய்,Conjunctions,6183
1184,கருப்பை,Conjunctions,6184
1185,மார்பகம்,Conjunctions,6185
1186,புற்றுநோய்,Conjunctions,6186
1187,தடுப்பு,Conjunctions,6187
1188,பணம்,Conjunctions,6188
1189,ஒதுக்கு,Verb,6189
1190,முதன்முதல்,Conjunctions,6190
1191,பயன்படுத்து,Verb,6191
1192,ஏன்,Conjunctions,6192
1193,இன்றைக்கு,Conjunctions,6193
1194,காரியம்,Conjunctions,6194
1195,செலவழி,Verb,6195
1196,ஆங்காங்கே,Conjunctions,6196
1197,அது,Conjunctions,6197
1198,பிறகு,Conjunctions,6198
1199,கொஞ்சம்,Conjunctions,6199
1200,75,Conjunctions,6200
1201,ஆற்று,Verb,6201
1202,மாத்திரம்,Conjunctions,6202
1203,பலன்,Verb,6203
1204,இத்தனை,Conjunctions,6204
1205,மருத்துவர்,Conjunctions,6205
1206,பயன்,Verb,6206
1207,மருத்துவத்துறை,Conjunctions,6207
1208,நண்பர்,Conjunctions,6208
1209,கடமை,Conjunctions,6209
1210,மனப்பான்மை,Conjunctions,6210
1211,உணர்வு,Conjunctions,6211
1212,காப்பாற்று,Verb,6212
1213,ஒத்துழைப்பு,Conjunctions,6213
1214,ஒத்துழை,Verb,6214
1215,சாதாரணம்,Adjectives,6215
1216,சாமானிய,Adjectives,6216
1217,ஏழையெளிய,Adjectives,6217
1218,மனசாட்சி,Conjunctions,6218
1219,மனிதாபிமானம்,Conjunctions,6219
1220,ஆகவே,Conjunctions,6220
1221,மக்களவை,Conjunctions,6221
1222,பலர்,Conjunctions,6222
1223,உடல்,Conjunctions,6223
1224,தாய்சேய்,Conjunctions,6224
1225,அதற்கேற்ப,Conjunctions,6225
1226,உடல்நிலை,Conjunctions,6226
1227,இங்கு,Conjunctions,6227
1228,சிகரம்,Conjunctions,6228
1229,கோலாகலம்,Conjunctions,6229
1230,நவம்,Conjunctions,6230
1231,ஒன்பது,Conjunctions,6231
1232,செல்வம்,Conjunctions,6232
1233,மகாலட்சுமி,Conjunctions,6233
1234,வழிபடு,Verb,6234
1235,போரிடு,Verb,6235
1236,வாகை,Conjunctions,6236
1237,சூடு,Adjectives,6237
1238,கைவினை,Conjunctions,6238
1239,கலைஞர்,Conjunctions,6239
1240,உழைப்பு,Conjunctions,6240
1241,மதிப்பளி,Adjectives,6241
1242,திருநாளாம்,Adjectives,6242
1243,நற்காரியம்,Conjunctions,6243
1244,அனைவர்,Conjunctions,6244
1245,நன்னாள்,Conjunctions,6245
1246,எல்லாம்,Adjectives,6246
1247,நலன்,Conjunctions,6247
1248,வளம்,Conjunctions,6248
1249,அமைதி,Conjunctions,6249
1250,நல்லாட்சி,Conjunctions,6250
1251,மலர்,Verb,6251
1252,மனமார்ந்த,Adjectives,6252
1253,நல்வாழ்த்து,Conjunctions,6253
1254,தொழிலாளர்,Conjunctions,6254
1255,இடதுசாரி,Conjunctions,6255
1256,21,Conjunctions,6256
1257,கூட்டறிக்கை,Conjunctions,6257
1258,நிர்வாகி,Conjunctions,6258
1259,செயற்குழு,Conjunctions,6259
1260,ஒப்பந்தம்,Conjunctions,6260
1261,பேச்சுவார்த்தை,Conjunctions,6261
1262,சுமூக,Adjectives,6262
1263,தீர்வு,Conjunctions,6263
1264,காணப்படு,Verb,6264
1265,காண்,Verb,6265
1266,பன்னாடு,Conjunctions,6266
1267,பழிவாங்கு,Verb,6267
1268,உடந்தை,Conjunctions,6268
1269,சத்துணவு,Conjunctions,6269
1270,ஏவு,Verb,6270
1271,இத்தகைய,Adjectives,6271
1272,மிகுந்த,Adjectives,6272
1273,எதிர்பார்ப்பு,Conjunctions,6273
1274,இடை,Conjunctions,6274
1275,அத்தியாயம்,Conjunctions,6275
1276,பல்கலை,Conjunctions,6276
1277,வலுப்படுத்து,Verb,6277
1278,பிரகாசப்படுத்து,Verb,6278
1279,மட்டுமின்றி,Conjunctions,6279
1280,பயன்பெறு,Adjectives,6280
1281,உறுதுணை,Conjunctions,6281
1282,பயனடை,Adjectives,6282
1283,விஷயம்,Conjunctions,6283
1284,உருவெடு,Adjectives,6284
1285,சவால்,Conjunctions,6285
1286,சமாளி,Verb,6286
1287,உத்தி,Conjunctions,6287
1288,வகு,Verb,6288
1289,எதிர்காலம்,Conjunctions,6289
1290,கண்டறி,Verb,6290
1291,அதற்குரிய,Adjectives,6291
1292,உதவிகரம்,Conjunctions,6292
1293,பரிமாறு,Verb,6293
1294,தெற்காசியா,Conjunctions,6294
1295,குறி,Adjectives,6295
1296,பரிமாற்றம்,Conjunctions,6296
1297,கட்டமைப்பு,Conjunctions,6297
1298,ஆராய்,Verb,6298
1299,விரிவு,Conjunctions,6299
1300,சமூகம்,Conjunctions,6300
1301,கா,Adjectives,6301
1302,குறிப்பாக,Conjunctions,6302
1303,பரிமாணம்,Conjunctions,6303
1304,ஆக்க,Adjectives,6304
1305,அணு,Conjunctions,6305
1306,சக்தி,Conjunctions,6306
1307,கையெழுத்தாகு,Verb,6307
1308,அணுசக்தி,Conjunctions,6308
1309,கையெழுத்து,Conjunctions,6309
1310,ஆனதால்,Verb,6310
1311,அத்துறை,Conjunctions,6311
1312,கூட்டாக,Conjunctions,6312
1313,உலை,Conjunctions,6313
1314,தயாரி,Verb,6314
1315,விண்வெளி,Conjunctions,6315
1316,நீராதாரம்,Conjunctions,6316
1317,பருவம்,Conjunctions,6317
1318,நிலவரம்,Conjunctions,6318
1319,வானியல்,Conjunctions,6319
1320,சேவை,Conjunctions,6320
1321,உள்ளிட்டவை,Conjunctions,6321
1322,வங்கி,Conjunctions,6322
1323,அன்னியம்,Conjunctions,6323
1324,செலாவணி,Conjunctions,6324
1325,நிதியம்,Conjunctions,6325
1326,அதிகமான,Adjectives,6326
1327,செயல்படுத்து,Verb,6327
1328,ஆர்வம்,Conjunctions,6328
1329,மதச்சார்பின்மை,Conjunctions,6329
1330,எப்படி,Conjunctions,6330
1331,எழுப்பு,Verb,6331
1332,நம்பகத்தன்மை,Conjunctions,6332
1333,உக,Verb,6333
1334,அஞ்சு,Verb,6334
1335,வகுப்புவாதம்,Adjectives,6335
1336,முற்றுப்புள்ளி,Conjunctions,6336
1337,ஜாதி,Conjunctions,6337
1338,முன்னிறுத்து,Verb,6338
1339,லாபம்,Conjunctions,6339
1340,நீதி,Conjunctions,6340
1341,சமதர்மம்,Conjunctions,6341
1342,சமம்,Adjectives,6342
1343,ஏழை,Conjunctions,6343
1344,பணக்காரர்,Conjunctions,6344
1345,ஹிந்து,Conjunctions,6345
1346,முஸ்லிம்,Conjunctions,6346
1347,சீக்கியர்,Conjunctions,6347
1348,எல்லோர்,Conjunctions,6348
1349,முத்திரை,Conjunctions,6349
1350,குத்து,Verb,6350
1351,அதனால்,Conjunctions,6351
1352,தனித்து,Conjunctions,6352
1353,சிரமமானது,Verb,6353
1354,ஊரகம்,Conjunctions,6354
1355,ஊழல்,Conjunctions,6355
1356,துரதிருஷ்டவசம்,Conjunctions,6356
1357,தேவையுள்ளோர்,Conjunctions,6357
1358,ஒப்பிடு,Adjectives,6358
1359,ஏராளமான,Adjectives,6359
1360,குடிபெயர்,Verb,6360
1361,பலப்படுத்து,Verb,6361
1362,பலன்கிட்டு,Verb,6362
1363,அதுபோல்,Conjunctions,6363
1364,தேங்கு,Verb,6364
1365,மீண்டும்,Conjunctions,6365
1366,ஓவர்,Conjunctions,6366
1367,2009,Conjunctions,6367
1368,கௌரவம்,Conjunctions,6368
1369,கமிஷனர்,Conjunctions,6369
1370,நேரில்,Conjunctions,6370
1371,ஊடகம்,Conjunctions,6371
1372,விளம்பரம்,Conjunctions,6372
1373,ஒளிபரப்பு,Verb,6373
1374,ஆகியவற்றில்,Conjunctions,6374
1375,470,Conjunctions,6375
1376,ஆவணம்,Conjunctions,6376
1377,குற்றவியல்,Conjunctions,6377
1378,409,Conjunctions,6378
1379,420,Conjunctions,6379
1380,468,Conjunctions,6380
1381,477,Conjunctions,6381
1382,120,Conjunctions,6382
1383,அநேகமாக,Conjunctions,6383
1384,நவம்பர்,Conjunctions,6384
1385,செல்லல்,Verb,6385
1386,காய்ச்சல்,Conjunctions,6386
1387,93,Conjunctions,6387
1388,வயது,Conjunctions,6388
1389,சீர்,Conjunctions,6389
1390,சுவாசம்,Conjunctions,6390
1391,அவதிப்பட்டு,Verb,6391
1392,தேயிலை,Conjunctions,6392
1393,தோட்டம்,Conjunctions,6393
1394,வனத்தோட்டம்,Conjunctions,6394
1395,2009-2010,Conjunctions,6395
1396,886,Conjunctions,6396
1397,275,Conjunctions,6397
1398,வழங்கிட்,Verb,6398
1399,118,Conjunctions,6399
1400,313,Conjunctions,6400
1401,359,Conjunctions,6401
1402,951,Conjunctions,6402
1403,96,Conjunctions,6403
1404,30,Conjunctions,6404
1405,அட்டவணை,Conjunctions,6405
1406,இறுதிசெய்,Verb,6406
1407,பொற்கோயில்,Conjunctions,6407
1408,பயணத்திட்டம்,Conjunctions,6408
1409,சுற்றுப்பயணம்,Conjunctions,6409
1410,தெரியவா,Verb,6410
1411,குழந்தை,Conjunctions,6411
1412,உயிரிழப்பு,Conjunctions,6412
1413,சிகிச்சை,Conjunctions,6413
1414,86,Conjunctions,6414
1415,2002,Conjunctions,6415
1416,671,Conjunctions,6416
1417,மலேரியா,Conjunctions,6417
1418,அடுத்ததாக,Conjunctions,6418
1419,நொய்டா,Conjunctions,6419
1420,35,Conjunctions,6420
1421,தூக்கிடு,Verb,6421
1422,தற்கொலை,Conjunctions,6422
1423,வழக்கம்போல்,Conjunctions,6423
1424,நள்ளிரவு,Conjunctions,6424
1425,கணிப்பொறி,Conjunctions,6425
1426,காவல்நிலையம்,Conjunctions,6426
1427,மகள்,Conjunctions,6427
1428,பெற்றோர்,Conjunctions,6428
1429,எழுதிவை,Verb,6429
1430,கணவன்,Conjunctions,6430
1431,அதற்காக,Conjunctions,6431
1432,ஜீவனாம்சம்,Conjunctions,6432
1433,தொடு,Verb,6433
1434,பச்சையம்மாள்,Conjunctions,6434
1435,மாதம்தோறும்,Conjunctions,6435
1436,நீதிபதி,Conjunctions,6436
1437,மார்க்கண்டேயம்,Conjunctions,6437
1438,அடங்கு,Adjectives,6438
1439,கொடுமை,Conjunctions,6439
1440,2005,Conjunctions,6440
1441,வழக்காடு,Adjectives,6441
1442,வாதாடு,Verb,6442
1443,தங்கியிரு,Verb,6443
1444,தாம்பத்யம்,Conjunctions,6444
1445,ஈடாக,Conjunctions,6445
1446,மனைவியர்,Conjunctions,6446
1447,பூர்த்தி,Conjunctions,6447
1448,1.,Conjunctions,6448
1449,ஆண்,Conjunctions,6449
1450,துணைவர்,Conjunctions,6450
1451,2.,Conjunctions,6451
1452,திருமணம்,Conjunctions,6452
1453,எட்டியிரு,Verb,6453
1454,3.,Conjunctions,6454
1455,4.,Conjunctions,6455
1456,விருப்பப்படு,Verb,6456
1457,அங்கீகரி,Verb,6457
1458,நால்,Conjunctions,6458
1459,ஆடவன்,Conjunctions,6459
1460,உறுதிபடு,Verb,6460
1461,இழப்பீடு,Conjunctions,6461
1462,மசோதா,Conjunctions,6462
1463,விதிமுறை,Conjunctions,6463
1464,சற்று,Conjunctions,6464
1465,மாறுபடு,Verb,6465
1466,மாறுபாடு,Conjunctions,6466
1467,இந்திய-அமெரிக்கா,Conjunctions,6467
1468,நிபந்தனை,Conjunctions,6468
1469,பொருந்து,Verb,6469
1470,மாற்றம்,Conjunctions,6470
1471,விவகாரத்துறை,Conjunctions,6471
1472,இணையமைச்சர்,Conjunctions,6472
1473,வெளியுறவுத்துறை,Conjunctions,6473
1474,துணையமைச்சர்,Conjunctions,6474
1475,மேம்படு,Verb,6475
1476,சரிவரு,Conjunctions,6476
1477,நடைமுறை,Conjunctions,6477
1478,பின்பற்று,Verb,6478
1479,தரம்,Conjunctions,6479
1480,அதிகமாக,Conjunctions,6480
1481,உதிரி,Adjectives,6481
1482,பாகம்,Conjunctions,6482
1483,ஏமாற்றத்துக்குள்ளாக்கு,Verb,6483
1484,எஞ்சு,Adjectives,6484
1485,ஆயுதம்,Conjunctions,6485
1486,பரவல்,Conjunctions,6486
1487,முக்கியமானவர்,Conjunctions,6487
1488,தீவிரம்,Conjunctions,6488
1489,சந்தேகம்,Adjectives,6489
1490,இருவழி,Conjunctions,6490
1491,போல்,Verb,6491
1492,சங்கடம்,Conjunctions,6492
1493,வரல்,Verb,6493
1494,தளவாடம்,Conjunctions,6494
1495,காப்புரிமை,Conjunctions,6495
1496,விதிமீறல்,Conjunctions,6496
1497,ஒருங்கிணை,Verb,6497
1498,விவாதம்,Conjunctions,6498
1499,முள்ளிவாய்க்கால்,Conjunctions,6499
1500,மட்டுமல்லாமல்,Conjunctions,6500
1501,வெடிபொருள்,Conjunctions,6501
1502,ஜாக்கெட்டு,Conjunctions,6502
1503,மாறு,Verb,6503
1504,படையினர்,Conjunctions,6504
1505,செயலிழ,Verb,6505
1506,தோற்கடி,Adjectives,6506
1507,இதுபோன்ற,Adjectives,6507
1508,எந்தவிதத்,Adjectives,6508
1509,சந்தேகி,Verb,6509
1510,ராணுவத்தினர்,Conjunctions,6510
1511,அவசரம்,Conjunctions,6511
1512,பிரகடனம்,Conjunctions,6512
1513,பயமுறுத்து,Verb,6513
1514,வேண்டியவை,Verb,6514
1515,ஏராளம்,Conjunctions,6515
1516,எப்போதைக்கு,Conjunctions,6516
1517,சாத்தியம்,Conjunctions,6517
1518,தூண்டுதல்,Conjunctions,6518
1519,யோசனை,Conjunctions,6519
1520,சீர்திருத்த,Adjectives,6520
1521,சொல்,Verb,6521
1522,1995ல்,Conjunctions,6522
1523,அப்போதைய,Adjectives,6523
1524,பொதுச்சபை,Conjunctions,6524
1525,மலேசியா,Conjunctions,6525
1526,நாட்டவர்,Conjunctions,6526
1527,வரைவு,Conjunctions,6527
1528,பின்தங்கு,Verb,6528
1529,1992-96ல்,Conjunctions,6529
1530,ஜெர்மனி,Conjunctions,6530
1531,அதாவது,Conjunctions,6531
1532,அணுஉலை,Conjunctions,6532
1533,கூடம்,Conjunctions,6533
1534,படிப்படி,Conjunctions,6534
1535,2022,Conjunctions,6535
1536,gஎர்மனி,Conjunctions,6536
