,Sentence
0,சென்னை அருகே ஸ்ரீ பெரும்புதூரில் கிரீன் பீல்டு ( நவீன ) விமான நிலையத்துக்குக்க்ஆன நிலம் யாருக்கும் பாதிப்பு இல்லாத வகையில் எடுக்கப் படும் என்று முதல்வர் கருணாநிதி உறுதியளித்த்உள்ளார் .
1,"இது தொடர்பாக , அவர் புதன்கிழமை வெளியிட்ட அறிக்கை : ."
2,"நாடு முழுவதும் விமானப் போக்குவரத்தில் ஏற்பட்டு வரும் வளர்ச்சியைக் கருத்தில் கொண்டு , முக்கிய நகரங்களில் உள்ள விமான நிலையங்களை விரிவுபடுத்தவ்உம் , புதிதாக சர்வதேச விமான நிலையங்களை அமைக்கவ்உம் மத்திய அரசு முடிவு செய்தது ."
3,"அதன்படி , புதுதில்லி , மும்பை , கொல்கத்தா , சென்னை ஆகிய விமான நிலையங்களை மேம்படுத்த புதிய திட்டங்கள் உருவாக்கப்பட்டு நிறைவேற்றப் படுகின்றன ."
4,"கர்நாடகத்தில்உம் , ஆந்திரத்தில்உம் கிரீன் பீல்டு விமான நிலையங்களை அமைத்து தமிழகத்தை முந்திக் கொண்டு விட்டனர் ."
5,"ஆனால் , இந்த வரிசையில் சென்னை அருகே அமைக்கப்படஉள்ள கிரீன் பீல்டு விமான நிலையத்துக்கு பாதிப்பு ஏற்படும் வகையில் அதிமுக பொதுச் செயலாளர் ஜெயலலிதா , பா.ம.க. நிறுவனர் ராமதாஸ் ஆகியோர் போராட்ட அறிவிப்பை வெளியிட்ட்உள்ளனர் ."
6,மத்திய அரசு புதிதாகக் கொண்டுவந்த்உள்ள தொல்பொருள் ஆய்வுச் சட்டம் மக்களின் அடிப்படை உரிமைகளைப் பறிக்கும் வகையில் உள்ளதால் அதை திரும்பப் பெற வேண்டும் என மதிமுக பொதுச்செயலர் வைகோ கோரிக்கை விடுத்த்உள்ளார் .
7,இதுகுறித்து அவர் வெளியிட்ட்உள்ள அறிக்கை : .
8,"பண்பாட்டு அடையாளங்களைப் பாதுகாக்க தொல்பொருள் ஆய்வுத் துறை உருவாக்கப்பட்டு , தனிச் சட்டங்கள் இயற்றப்பட்டு உள்ளன ."
9,"ஆனால் , இந்த அமைப்பு உருவாவதற்கு முன்பு அப்பகுதியில் வாழ்ந்தவர்கள் தான் பாதுகாத்து வந்தனர் ."
10,"அப்படிப் பாதுகாத்த மக்களை , அவர்களது வாழ்விடங்கள்இலிருந்து அகற்றி , உள்நாட்டு அகதிகள்ஆக மாற்றுகின்ற வகையில் , மத்தியில் ஆளும் காங்கிரஸ் - தி.மு.க. கூட்டணி அரசு புதிதாக ஒரு தொல்பொருள் ஆய்வுச் சட்டத்தைக் கொண்டு வந்து உள்ளது ."
11,"இச்சட்டம்குறித்து , தமிழ் உள்ளிட்ட மாநில மொழிகளில்உம் மற்றும் ஆங்கிலத்தில்உம் அனைத்து நாளிதழ்களில்உம் முழுப்பக்க அளவில் விளம்பரப்படுத்தி உள்ளது ."
12,"புதிய சட்டத்தின் படி , பாதுகாக்கப்பட்ட நினைவுச் சின்னத்த்இலிருந்து 1000 அடி வரை எந்த கட்டுமானம்உம் கட்ட அனுமதி இல்லை ."
13,மீறுவோருக்கு ஒரு லட்சம் அபராதத் தொகைய் உடன் மூன்று ஆண்டுகள் சிறைத் தண்டனை .
14,"குடும்பத்தினர் எண்ணிக்கை பெருகி இட நெருக்கடி ஏற்படும் நிலையில் தங்களின் மூதாதையர்கள் வாழ்ந்த வீட்டை விரிவாக்கம் செய்யவ்ஓ , கூடுதல் அறைய்ஓ , தாழ்வாரம்ஓ , கழிப்பு அறைய்ஓ கட்டினால்கூட இச்சட்டத்தின் படி வீட்டின் உரிமையாளர்உம் , சம்பந்தப்பட்ட அரசு அதிகாரிகள்உம் தண்டிக்கப் படுவார்கள் ."
15,"ஏற்கனவே வாழ்ந்து வரும் வீடுகள் தொல்பொருள் ஆய்வுத்துறையின் அனுமதி பெறாமல் கட்டப்பட்டு இருப்பின் , அவற்றை இடிப்பதற்க்உம் அதிகாரம் வழங்கப்பட்டு உள்ளது ."
16,இப்பகுதிகளில் புதிதாக மின் இணைப்புகள் இனி வழங்கப்பட மாட்டாது .
17,இந்தப் புதிய சட்டம் சுதந்திர இந்தியாவில் வாழ்வதற்கு வழங்கப்பட்டு உள்ள அடிப்படை உரிமைகளைப் பறிக்கும் வகையில் அமைந்த்உள்ளது .
18,"மீன்பிடி ஒழுங்குமுறைச் சட்டத்தை எதிர்த்து , மீனவ மக்கள் கிளர்ந்து எழுந்து போராடியதைப் போல , தொல்பொருள் ஆய்வுத்துறை கொண்டு வந்து உள்ள சட்டத்தைய்உம் எதிர்த்து மக்கள் போராட வேண்டும் ."
19,உலகின் மிகச் சிறந்த நாடுகள் பட்டியலில் இந்தியாவுக்கு 78வது இடம் கிடைத்த்உள்ளது .
20,"அமெரிக்க பத்திரிகைய்ஆன நியூஸ்வீக் , உலக நாடுகளில் சுகாதாரம் , கல்வி , பொருளாதாரம் , அரசியல் ஆகிய அம்சங்களை அடிப்படைய்ஆக வைத்துத் தொகுத்ததில் இந்த முடிவு வெளியாகிய்உள்ளது ."
21,"இந்தியாவின் அண்டை நாடுகள்ஆன சீனா 59வது இடத்தைய்உம் , இலங்கை 66வது இடத்தைய்உம் பங்களாதேஷ் மற்றும் பாகிஸ்தான் ஆகியவை முறையே 88 மற்றும் 89வது இடத்தைய்உம் பிடித்த்உள்ளன ."
22,"ஆசிய நாடுகளில் , ஜப்பான் , தென்கொரியா , சிங்கப்பூர் ஆகிய மூன்று நாடுகள் மட்டுமே முதல் 20 இடங்களுக்க்உள் உள்ளன ."
23,"இந்தப் பட்டியலில் முதல் நான்கு இடங்களைப் பிடித்த நாடுகள் , பின்லாந்து , சுவிட்சர்லாந்து , ஸ்வீடன் , ஆஸ்திரேலியா அகியவை ."
24,"அமெரிக்கா 11வது இடத்தைய்உம் , ஜெர்மனி 12வது இடத்தைய்உம் , இங்கிலாந்து 14வது இடத்தைய்உம் பிடித்த்உள்ளன ."
25,நியூஸ்வீக் இதழ் சார்பில் முதல் முறையாக நாடுகளைப் பற்றிய கருத்துக் கேட்பு மூலம் நடத்திய சர்வேயில் இந்த முடிவுகள் தெரிய வந்தன .
26,வாசகர்களிடம் ‘ உலகில் ஆரோக்கியம்ஆகவ்உம் பாதுகாப்ப்ஆகவ்உம் நல்ல முறையில் வாழவ்உம் தகுந்த நாட்ஆக நீங்கள் கருதும் எந்த நாட்டில் பிறக்க விரும்புகிறீர்கள் ? ’ என்று கேள்வி கேட்கப்பட்டது .
27,அதற்க்ஆன பதில் ஆகக் கிடைத்ததில் இந்த முடிவுகள் தெரிய வந்தன என்று அந்தப் பத்திரிகையின் சார்பில் தெரிவிக்கப்பட்ட்உள்ளது .
28,"இத்ஏ சர்வேயில் , ’ அதிகம் நேசிக்கப் படும் உலகத் தலைவர்கள் யார் ? ’ என்ற கருத்துக் கணிப்பில் , இந்தியப் பிரதமர் மன்மோகன் சிங் முதலிடம் பிடித்தார் என்பது குறிப்பிடத் தக்கது ."
29,எம்பிக்களுக்கு மேலும் ரூ. 10 ஆயிரம் ஊதிய உயர்வு அறிவிக்கப்பட்ட்உள்ளது .
30,"முன்னர் அறிவிக்கப்பட்ட ஊதிய உயர்வ்உடன் , அலுவலகம் மற்றும் தொகுதி செலவினங்களுக்க்ஆன படிகளை தலா ரூ 5 ஆயிரம் கூடுதலாக வழங்க பிரதமர் மன்மோகன் சிங் தலைமையில் நடைபெற்ற மத்திய அமைச்சரவைக் கூட்டத்தில் முடிவெடுக்கப்பட்டது ."
31,"முன்னதாக , எம்பிக்களுக்க்ஆன ஊதியத்தை ரூ 16 ஆயிரத்த்இலிருந்து ரூ 80 ஆயிரம்ஆக உயர்த்தி வழங்க வேண்டும் என நாடாளுமன்ற கூட்டுக் குழு பரிந்துரை செய்த் இருந்தது ."
32,இதை அரசு ஏற்கவ்இல்லை .
33,கடந்த வாரம் நடைபெற்ற மத்திய அமைச்சரவைக் கூட்டத்தில் எம்பிக்களின் ஊதியத்தை ரூ 50 ஆயிரம்ஆக உயர்த்த முடிவெடுக்கப்பட்டது .
34,இதற்கு எம்பிக்களில் ஒரு பிரிவினர் அதிருப்தி தெரிவித்தனர் .
35,"ஊதிய உயர்வு தொடர்பாக நிதி அமைச்சர் பிரணாப் முகர்ஜியை பாஜக , ராஷ்ட்ரீய ஜனதாதளம் , சமாஜவாதி மற்றும் ஐக்கிய ஜனதாதள தலைவர்கள் சனிக்கிழமைய்அன்று சந்தித்தனர் ."
36,இவ்விவகாரத்தில் அரசு உரிய நடவடிக்கை எடுக்கும் என பிரணாப் முகர்ஜி அப்போது உறுதியளித்த்இருந்தார் .
37,இந்த நிலையில் மேலும் ரூ 10 ஆயிரம் ஊதியத்தை உயர்த்த அமைச்சரவைக் கூட்டத்தில் முடிவெடுக்கப்பட்ட்உள்ளது .
38,திருநெல்வேலி அண்ணா பல்கலைக்கழகத் துணைவேந்தர் காளியப்பன் இன்று அதிமுக பொதுச்செயலர்உம் எதிர்கட்சித் தலைவர்உம்ஆன ஜெயலலிதாவை சந்தித்துப் பேசினார் .
39,இச்சந்திப்பின்போது துணைவேந்தர் காளியப்பனின் மனைவிய்உம் உடன் வந்த்இருந்தார் .
40,இது மரியாதை நிமித்தம்ஆன சந்திப்பு என்று அதிமுக சார்பில் வெளியிடப்பட்ட்உள்ள செய்திக்குறிப்பில் தெரிவிக்கப்பட்ட்உள்ளது .
41,திருச்செந்தூர் அருள்மிகு சுப்பிரமணியசுவாமி திருக்கோயிலில் ஆவணித் திருவிழா இன்று கொடியேற்றத்த்உடன் தொடங்கியது .
42,இத்திருவிழா தொடர்ந்து 12 நாட்கள் நடைபெறுகிறது .
43,திருவிழா தொடக்க நாள்ஆன இன்று அதிகாலை 1 மணிக்கு திருக்கோயில் நடைதிறக்கப்பட்டது .
44,1.30 மணிக்கு விஷ்வரூப தரிசனம் நடைபெற்றது .
45,2 மணிக்கு உதய மார்த்தாண்ட அபிஷேகம் நடைபெற்றது .
46,அதனைத் தொடர்ந்து மற்ற பூஜை காலங்கள் நடைபெற்றது .
47,"அதிகாலை 4 மணிக்கு திருக்கோயில்இலிருந்து வெள்ளிப் பல்லக்கில் வைத்து கொடி பட்டம் 9 சந்திகள் வழியாக வீதி உலா கொண்டு வரப்பட்டு , அதிகாலை 5.20 மணிக்கு வேதங்கள் ஓத , பஞ்வாத்தியங்கள் முழங்க , பக்தர்களில் ஆரோகரா கோஷத்த்உடன் , திருக்கோயிலில் உள்ள செப்பு கொடி மரத்தில் , சிவாச்சாரியர்களால் ஆவணித் திருவிழா கொடியேற்றப்பட்டது ."
48,"இங்கிலாந்துக்கு எதிரான போட்டியில் பாகிஸ்தான் கிரிக்கெட் வீரர்கள் சூதாட்டத்தில் ஈடுபட்டத்ஆகத் தெரிய வந்தால் , அவர்களுக்கு வாழ்நாள் தடை விதிக்க வேண்டும் என இங்கிலாந்து அணியின் முன்னாள் பேட்ஸ்மேன் ஆலன் லாம்ப் கோரிக்கை விடுத்துள்ளார் ."
49,"சர்வதேச கிரிக்கெட்டில் மோசடிக்கு இடம்தரக் கூடாது எனக் கூறிய லாம்ப் , எந்த வீரர் ஆவது சூதாட்டத்தில் ஈடுபட்டது தெரிய வந்தால் அவருக்கு வாழ்நாள் முழுவதும் கிரிக்கெட் விளையாடத் தடைவிதிக்க வேண்டும் என்றார் ."
50,"இந்தியா அளிக்க முன்வந்த வெள்ள நிவாரண நிதியை முதலில் ஏற்கத் தயக்கம் காட்டி , பின்னர் ஏற்றுக்கொள்வத்ஆக அறிவித்த பாகிஸ்தான் , தற்போது அந்த நிதி உதவியை நேரடியாக ஏற்றுக்கொள்ளாமல் ஐக்கிய நாடுகள் சபை மூலமாக ஏற்க தீர்மானித்த்உள்ளது ."
51,பாகிஸ்தானில் ஐக்கிய நாடுகள் சபையின் பல்வேறு குழுக்கள் வெள்ள நிவாரண நடவடிக்கைகளில் பணியாற்றி வருகின்றன .
52,எனவே ஐநா சபை மூலமாக நிதி உதவியை அளிக்கும் ஆறு இந்தியாவுக்கு தகவல் அனுப்பிய்உள்ளோம் என அந் நாட்டின் வெளியுறவுத் துறை செய்தித்தொடர்பாளர் அப்துல் பாசித் தெரிவித்தார் .
53,பாகிஸ்தானின் கொள்கைப்படி இந்த முடிவு எடுக்கப் பட்டத்ஆக அவர் கூறினார் .
54,இலங்கையில் நடைபெற்ற முத்தரப்பு கிரிக்கெட் தொடரின் இறுதிப்போட்டி நேற்று முடிவடைந்ததைத் தொடர்ந்து மகேந்திர சிங் தோனி தலைமையில்ஆன இந்திய கிரிக்கெட் அணி இன்று நாடு திரும்பியது .
55,இலங்கைய்இலிருந்து இந்திய வீரர்கள் அனைவரும் இன்று காலை சென்னை வந்தனர் .
56,பின்னர் கேப்டன் தோனியைத்தவிர அனைவரும் தங்கள் சொந்த ஊருக்குப் புறப்பட்டுச் சென்றனர் .
57,"சென்னை சூப்பர் கிங்ஸ் அணியின் கேப்டன்ஆகவ்உம் உள்ள தோனி , சென்னையில் நாளை மாலை ஐபிஎல் அணி சார்பில் ஏற்பாடு செய்யப்பட்ட்உள்ள பாராட்டு விழாவில் கலந்து கொள்வார் என எதிர்பார்க்கப் படுகிறது ."
58,இந்தியாவுக்கு எதிரான போட்டியின் போது 800 டெஸ்ட் விக்கெட்டுகளை வீழ்த்திய முதல் கிரிக்கெட் வீரர் என்ற பெருமையைப் பெற்ற இலங்கை வீரர் முத்தையா முரளிதரன்உம் அந்த விழாவில் கௌரவிக்கப்படஉள்ளத்ஆகத் தகவல்கள் தெரிவித்தன .
59,வெனிசூலா தேசிய பாதுகாப்புப் படைக்கு சொந்தம்ஆன ஹெலிகாப்டர் ஒன்று கொலம்பிய எல்லை அருகே விபத்துக்குள்ளானதில் அதில் இருந்த 10 வீரர்கள்உம் உயிரிழந்தத்ஆக அந் நாட்டு அதிபர் ஹியுகோ சாவேஸ் தெரிவித்தார் .
60,ரஷ்யத் தயாரிப்ப்ஆன எமை-17 ஹெலிகாப்டர் ஓடுதளத்த்இலிருந்து புறப்பட்ட சில நிமிடங்களுக்க்உள்ளாகவே விபத்துக்குள்ளானதுகுறித்து விசாரணை நடைபெற்று வருவத்ஆக சாவேஸ் தொலைக்காட்சியில் பேசும் போது தெரிவித்தார் .
61,தென்மேற்கு அபூர் மாநிலத்தில் போதைமருந்து கடத்தலில் ஈடுபட்ட்உள்ள குழுவினரைத் தேடும் பணியில் ஈடுபட்ட்இருந்த போது அந்த ஹெலிகாப்டர் விபத்துக்குள்ளானத்ஆக தேசிய பாதுகாப்புப் படையின் தலைவர் லூயிஸ் ஆல்ஃப்ரடோ தெரிவித்தார் .
62,கங்கையை மாசுபடுத்திய 65 தொழிற்சாலைகள் மூடப்பட்டு விட்டத்ஆக உத்தரப்பிரதேச மாசுக்கட்டுப்பாட்டு வாரியம் தெரிவித்த்உள்ளது .
63,"ஆகஸ்ட் 28-ம் தேதி கான்பூர் ஐஐடி ஏற்பாடு செய்த் இருந்த கங்கை ஆற்று நதிநீர்ப் படுகை நிர்வாகப் பயிலரங்கில் பங்கேற்றுப் பேசிய மத்திய அமைச்சர் ஜெய்ராம் ரமேஷ் , கங்கையை சுத்தப்படுத்துவதில் உத்தரப்பிரதேச மாசுக் கட்டுப்பாட்டு வாரியத்தின் செயலின்மைகுறித்து விமர்சித்த்இருந்தார் ."
64,"இந்த நிலையில் கங்கை நதியை சுத்தப்படுத்த நடவடிக்கைகள் எடுக்கப்பட்டு வருவத்ஆகவ்உம் , அதை மாசுபடுத்தி வந்த 65 தொழிற்சாலைகள் மூடப்பட்டு விட்டத்ஆகவ்உம் உத்தரப்பிரதேச மாசுக்கட்டுப்பாட்டு வாரியம் தெரிவித்த்உள்ளது ."
65,மாசுக்கட்டுப்பாட்டு வாரியம் செயல்படாமல் உள்ளது என்ற மத்திய அமைச்சரின் கருத்தில் தங்களது துறைக்கு உடன்பாடு இல்லை என உத்தரப்பிரதேச மாசுக்கட்டுப்பாட்டு வாரிய மண்டல அதிகாரி ராதேஷ்யாம் தெரிவித்தார் .
66,பாகிஸ்தான் சிறையில் அடைக்க ப்பட்ட்இருந்த 100 இந்திய மீனவர்கள் இன்று விடுதலை செய்யப் பட்டனர் .
67,தண்டனைக் காலத்தை தாண்டிய்உம் அவர்கள் சிறையில் அடைக்கப்பட்ட்உள்ளனர் என்று புகார் கூறப்பட்ட நிலையில் அவர்கள் விடுவிக்கப்பட்ட்உள்ளனர் .
68,"மேலும் , 342 மீனவர்கள் அடுத்த வாரம் விடுதலை செய்யப் படுவார்கள் என்று லாந்தி சிறைச்சாலையின் துணை கண்காணிப்பாளர் ஷாகிர் ஷா தெரிவித்தார் ."
69,அரபிக் கடலில் மீன் பிடிக்கும் மீனவர்கள் எல்லை தாண்டி வந்த குற்றச்சாட்டில் அவ்வப்போது இருதரப்பில்உம் கைது செய்யப் படுகின்றனர் என்பது குறிப்பிடத் தக்கது .
70,தான் ஒரு முஸ்லீம் என ஐந்தில் ஒரு அமெரிக்கர் நம்புவத்ஆக சமீபத்தில் வெளியான கருத்துக் கணிப்புகுறித்து கவலைப்பட போவத்இல்லை என அந் நாட்டின் அதிபர் பராக் ஒபாமா தெரிவித்தார் .
71,ஒபாமா முஸ்லீம் என 18 சதவீத மக்கள் நம்புவத்ஆக பியு ஆராய்ச்சி மையம் இம்மாதத் தொடக்கத்தில் கருத்துக் கணிப்பு வெளியிட்ட்இருந்தது .
72,"மார்ச் 2009-ல் 11 சதவீதத்தினர் தான் நம்பியத்ஆகவ்உம் , அது இப்போது அதிகரித்த்உள்ளத்ஆகவ்உம் அந்த கருத்துக் கணிப்பில் தெரிவிக்கப்பட்ட்இருந்தது ."
73,"மேலும் ஒபாமா கிறிஸ்துவர் என கடந்த ஆண்டு 48 சதவீதத்தினர் நம்பியத்ஆகவ்உம் , அது இப்போது 34 சதவீதம் ஆகக் குறைந்து விட்டத்ஆகவ்உம் அதில் தெரிவிக்கப்பட்டது ."
74,"தனது மதம் தொடர்பான குழப்பத்துக்கு கண்டனம் தெரிவித்த ஒபாமா , இது போன்ற வதந்திகளுக்க்ஆக தான் பெரிதும் கவலைப்படப் போவத்இல்லை என்றார் ."
75,சூதாட்டப் புகாரில் சிக்கிய்உள்ள கிரிக்கெட் வீரர்களை லண்டன் போலீஸார் கைது செய்ய மாட்டார்கள் என பாகிஸ்தான் கிரிக்கெட் வாரிய அதிகாரி தெரிவித்த்உள்ளார் .
76,"ஸ்பாட் ஃபிக்சிங் எனப்படும் ஆட்ட நிகழ்வுகளை முன்கூட்டியே தீர்மானிக்கும் மோசடியுடன் தொடர்புடையதாக குற்றம் சாட்டப்பட்ட்இருக்கும் பாகிஸ்தான் கிரிக்கெட் அணித் தலைவர் சல்மான் பட் , முகமது ஆசிப் , முகமது அமீர் ஆகியோரை ஸ்காட்லாந்து யார்டு போலீஸார் இரண்டாவது முறையாக இன்று விசாரிக்கவ்உள்ளனர் ."
77,இதனால் அவர்கள் கைது செய்யப்படக்கூடும் எனக் கருதப்பட்டது .
78,"இந்த நிலையில் , நேற்று செய்தியாளர்களிடம் பேசிய பாகிஸ்தான் கிரிக்கெட் அணியின் மேலாளர் யாவர் சயீத் , "" புகாரில் சிக்கிய் இருக்கும் மூன்று வீரர்களைய்உம் லண்டன் தூரகரத்தில் வைத்து பாகிஸ்தான் கிரிக்கெட் வாரிய அதிகாரிகள் மட்டுமே விசாரிப்பத்ஆக இருந்தது ."
79,"தற்போது ஸ்காட்லாந்து யார்டு போலீஸார்உம் இரண்டாவது முறையாக விசாரிக்கவ்உள்ளனர் "" என்றார் ."
80,"எனினும் இதுவரை யார் மீதும் ஸ்காட்லாந்து யார்டு போலீஸார் குற்றம்சாட்டவ்இல்லை எனத் தெரிவித்த்இருக்கும் அவர் , வீரர்கள் சார்பில் விசாரணையை எதிர்கொள்வதற்க்ஆக வழக்கறிஞர் ஒருவர் நியமிக்கப்பட்ட்இருப்பத்ஆகவ்உம் கூறினார் ."
81,இப்போதைக்கு யாரும் கைது செய்யப் படும் நிலையில் இல்லை என்று அவர் மேலும் தெரிவித்த் இருக்கிறார் .
82,அதிமுக பொதுச் செயலாளர் ஜெயலலிதா செவ்வாய்க்கிழமை கொடநாடு எஸ்டேட் வந்தார் .
83,"சென்னைய்இலிருந்து செவ்வாய்க்கிழமை தனி விமானம் மூலம் கோவை வந்த ஜெயலலிதா , அங்கிருந்து கார் மூலம் கொடநாடு எஸ்டேட்டிற்கு செவ்வாய்க்கிழமை மாலை வந்தார் ."
84,"வரும் வழியில் நீலகிரி மாவட்ட எல்லைய்ஆன குஞ்சப்பனையில் மாவட்ட அதிமுக செயலர் செல்வராஜ் , அண்ணா தொழிற்சங்க மாநிலச் செயலர் ஜெயராமன் உள்ளிட்டோர் வரவேற்றனர் ."
85,அதையடுத்து கொட்டகம்பை பகுதியில் கொணவக்கரை ஊராட்சித் தலைவர் வீரமுத்து தலைமையில் ஊர்மக்கள் சிறப்பான வரவேற்பு அளித்தனர் .
86,"தொடர்ந்து , அரவேணு பகுதியில் சக்கத்தா கணேஷ் தலைமையில்உம் , டானிங்டன் பகுதியில் சிடிசி ஜப்பார் தலைமையில்உம் வரவேற்பு அளிக்கப்பட்டது ."
87,"பின்னர் எஸ்.கைகாட்டி , குருக்கட்டி , ஈளாடா ஆகிய பகுதிகளில்உம் வரவேற்பு அளிக்கப்பட்டது ."
88,"கொடநாடு எஸ்டேட் நுழைவாயிலுக்கு வந்த ஜெயலலிதாவை முன்னாள் அமைச்சர் ஏ.கே.செல்வராஜ் , அதிமுக பிரமுகர்கள் எல்.மணி , கே.கே.மாதன் உள்ளிட்டோர் வரவேற்றனர் ."
89,வழியெங்கும் அளிக்கப்பட்ட வரவேற்புகளில் பொதுமக்கள் அளித்த பூங்கொத்துகளை ஜெயலலிதா பெற்றுக் கொண்டார் .
90,ஜெயலலிதா கொடநாடு எஸ்டேட்டில் 40 நாட்கள் வரை தங்கிய்இருந்து முக்கிய அரசியல் பணிகளை மேற்கொள்ள இருப்பத்ஆக அதிமுக வட்டாரங்கள் தெரிவித்தன .
91,தமிழக அரசின் புதிய தலைமைச் செயலாளர்ஆக எஸ்.மாலதி செவ்வாய்க்கிழமை ( ஆகஸ்ட் 31 ) பொறுப்பேற்றுக் கொண்டார் .
92,"தலைமைச் செயலாளர்ஆக இருந்த கே.எஸ்.ஸ்ரீபதி ஓய்வுபெற்றதைத் தொடர்ந்து , மாலதி அந்தப் பொறுப்பை ஏற்ற்உள்ளார் ."
93,மாலதி ஏற்கெனவே வகித்து வரும் விழிப்புப் பணி மற்றும் கண்காணிப்புத்துறை ஆணையாளர் பதவி அவர் இடம்ஏ கூடுதல் பொறுப்பாக அளிக்கப்பட்ட்உள்ளது .
94,"புதிய தலைமைச் செயலாளர்ஆக நியமிக்கப் பட்டதற்கு தனது வாழ்த்துகளைத் தெரிவித்து விட்டு , பொறுப்புகளை மாலதிய் இடம் ஒப்படைத்தார் ஸ்ரீபதி ."
95,1977-ம் ஆண்டு ஐ.ஏ.எஸ். அணியைச் சேர்ந்தவர் மாலதி .
96,"தஞ்சையை பூர்வீகம் ஆகக் கொண்ட அவர் , 1954-ம் ஆண்டு பிறந்தார் ."
97,"தமிழ் , கன்னடம் , இந்தி , ஆங்கிலம் ஆகிய மொழிகளில் பேசவ்உம் , எழுதவ்உம் தெரிந்தவர் ."
98,"எம்.எஸ்ஸி. , விலங்கியல் படிப்பை சென்னைப் பல்கலைக்கழகத்தில் படித்த மாலதி , பிரிட்டனில் நிதி குறித்த பட்டயப் படிப்பைப் படித்தார் ."
99,திருச்சியில் உதவி ஆட்சியர்ஆக ( பயிற்சி ) தனது ஐ.ஏ.எஸ். பணியைத் தொடங்கினார் .
100,"அடுத்தடுத்த ஆண்டில் துணை ஆட்சியர்ஆகவ்உம் , நிதி மற்றும் பொதுத் துறைகளில் சார்பு மற்றும் இணைச் செயலாளர்ஆகவ்உம் பதவி வகித்தார் ."
101,1987-ம் ஆண்டில் வேலூர் மாவட்ட ஆட்சியர்ஆக பணியாற்றினார் .
102,"1992-ம் ஆண்டில் வேலைவாய்ப்பு மற்றும் பயிற்சித் துறை இயக்குநர்ஆகவ்உம் , அதற்கடுத்த ஆண்டு நிதித்துறை சிறப்புச் செயலாளர்ஆகவ்உம் பொறுப்பு வகித்தார் ."
103,1996-ம் ஆண்டில் நகராட்சி நிர்வாகம் மற்றும் குடிநீர் வழங்கல் துறை செயலாளர்ஆக இருந்தார் .
104,2001-ம் ஆண்ட்இலிருந்து ஆறு ஆண்டுகளுக்கு பொருளாதாரம் மற்றும் புள்ளியியல் துறை சிறப்பு ஆணையர்ஆகப் பணியாற்றினார் .
105,2006-ம் ஆண்டின் பிற்பகுதியில் உள்துறைச் செயலாளர் பொறுப்பு வகித்தார் .
106,கடந்த சில மாதங்களுக்கு விழிப்புப் பணி மற்றும் கண்காணிப்பு ஆணையர்ஆக நியமிக்கப்பட்டார் .
107,"இதன்பின் , தலைமைச் செயலாளர்ஆக செவ்வாய்க்கிழமை பொறுப்பேற்றுக் கொண்டார் ."
108,கடந்த அதிமுக ஆட்சியில் லட்சுமி பிரானேஷ் தலைமைச் செயலாளர்ஆக இருந்தார் .
109,அவருக்குப் பிறகு இரண்டாவது பெண் தலைமைச் செயலாளார் என்ற பெருமையை மாலதி பெற்றுள்ளார் .
110,2008 செப்டம்பர் 1-ம் தேதி தலைமைச் செயலாளர்ஆக பொறுப்பேற்றார் கே.எஸ். ஸ்ரீபதி .
111,சரியாக இரண்டு ஆண்டுகளுக்குப் பிறகு ஓய்வு பெற்றுள்ளார் .
112,கோவையில் நடைபெற்ற செம்மொழி மாநாட்டுப் பணிகளுக்க்ஆக அவருக்குப் பதவி நீட்டிப்பு வழங்கப்பட்டது குறிப்பிடத் தக்கது .
113,ஓய்வு பெற்ற பின்னர் செய்தியாளர்களிடம் அவர் கூறியத்ஆவது : .
114,அரசின் பெரு முயற்சியால் உலகத் தமிழ்ச் செம்மொழி மாநாடு நடத்தி முடிக்கப்பட்டது .
115,இந்த கூட்டுப் பணியில் நான்உம் ஈடுபட்டது தலைமைச் செயலாளர்ஆக நான் இருந்த காலத்தில் சாதனைய்ஆகக் கருதுகிறேன் என்றார் கே.எஸ்.ஸ்ரீபதி .
116,"தலைமைச் செயலாளர் பதவிய்இலிருந்து ஓய்வு பெற்றால்உம் , மாநில தகவல் ஆணையர்ஆக கே.எஸ்.ஸ்ரீபதி நியமிக்கக் கூடும் எனத் தெரிகிறது ."
117,இதற்கான உத்தரவை ஆளுநர் பர்னாலா விரைவில் வெளியிட உள்ளத்ஆக தலைமைச் செயலக வட்டாரங்கள் தெரிவித்தன .
118,மாநில தகவல் ஆணையர்ஆகப் பதவி வகித்து வந்த ராமகிருஷ்ணன் செவ்வாய்க்கிழமை ஓய்வு பெற்றார் .
119,"பதவி நீட்டிப்பு காலம் நிறைவு பெறுவதற்கு முன்பே ஸ்ரீபதி ஓய்வு பெற்ற்உள்ளதால் , மாநில தகவல் ஆணையர் பதவிக்கு அவர் நியமிக்கப் படுவதற்க்ஆன வாய்ப்புகள் அதிகரித்த்உள்ளன ."
120,"டிஜிபி , தலைமைச் செயலர்ஆக பெண்கள் தமிழக அரசின் தலைமைச் செயலாளர் மற்றும் காவல் துறை இயக்குநர் என இரண்டு முக்கிய பொறுப்புகளில்உம் பெண்கள் நியமிக்கப்பட்ட்உள்ளனர் ."
121,"தலைமைச் செயலாளர்ஆக எஸ்.மாலதிய்உம் , போலீஸ் டி.ஜி.பி.ய்ஆக லத்திகா சரண்உம் உள்ளனர் ."
122,அரசு நிர்வாகத்தின் முக்கியமான இந்த இரண்டு உயர் பதவிகளில்உம் பெண்கள் நியமிக்கப்பட்டு இருப்பது குறிப்பிடத் தக்கது .
123,முல்லைப் பெரியாறு அணையை உடைத்தால் விபரீத விளைவுகள் ஏற்படும் .
124,இரு மாநில உறவில் பெரும் விரிசலை ஏற்படுத்தும் என்று மதிமுக பொதுச் செயலர் வைகோ கூறினார் .
125,"கேரளஅரசு பெரியாறு ஆற்றுக்கு இடையே புதிய அணை கட்ட முடிவு செய்து , 380 கோடி ஒதுக்கீடு செய்த்உள்ளது ."
126,"முல்லைப் பெரியாறு அணை பிரச்னை அரசியல் சாசன பெஞ்ச் விசாரணையில் இருக்கும் போது , கேரள அரசு வழக்கம் போல உச்சநீதிமன்றத்தின் உத்தரவை துச்சம்ஆக நினைத்து புதிய அணை கட்டுவதற்க்ஆன முயற்சிகளை எடுத்து வருகிறது ."
127,இப்பிரச்னை தொடர்பான வழக்கை தமிழக அரசு முறையாக நடத்தாத காரணத்தால் தமிழகத்துக்கு பாதகம் ஏற்பட்ட்உள்ளது .
128,"ஏற்கெனவே உச்ச நீதிமன்றத் தீர்ப்பு தமிழகத்துக்கு சாதகம்ஆக இருந்த நிலையில் , அரசியல் சாசன பெஞ்சுக்கு மாற்றுவதற்கு முதல்வர் கருணாநிதியின் அனுமதியின் பேரில்ஏயே தமிழக அரசு சார்பில் ஆஜரான வழக்கறிஞர் எழுத்துப்பூர்வ ஒப்புதல் வழங்கிய்உள்ளார் ."
129,"அனுமதி இல்லாத இடத்தில் ஆய்வு செய்து விட்டு , புதிய அணை கட்டுவோம் என்று கேரள அரசு அறிவிக்கிறது ."
130,அணையை உடைப்பது தான் கேரளத்தின் நோக்கம் .
131,அதற்க்ஆன அனைத்து ஏற்பாடுகள்உம் நடைபெற்று வருகிறது .
132,இந்த அணை உடைக்கப் பட்டால் தென் மாவட்டங்களில் 2 லட்சத்து 17 ஏக்கர் நிலங்களுக்கு பாசனம் பாதிக்க ப்படும் .
133,2 கோடி மக்களுக்கு குடிநீர் கிடைக்காது .
134,இதனால் ஏற்படக் கூடிய பாதகம் இரு மாநிலங்களுக்க்உம் தான் என்பதை கேரளம் உணர வேண்டும் .
135,அணையை உடைத்தால் எதிர் விளைவுகள் மோசமாக இருக்கும் .
136,முல்லைப்பெரியாறு பிரச்னையில் பின்னடைவுக்கு தமிழக அரசின் அணுகுமுறை தான் முழுக் காரணம் .
137,"இதனால் , தமிழகத்தின் வாழ்வாதரங்களுக்கு பாதுகாப்ப் அற்ற சூழல் நிலவுகிறது ."
138,வரும் செப்.15-ம் தேதி அண்ணா பிறந்த நாளை காஞ்சிபுரத்தில் மாநாட்ஆக நடத்த முடிவு செய்த் உள்ளோம் .
139,திராவிட இயக்க வரலாற்றில் பெரும் தாக்கத்தை இந்த மாநாடு ஏற்படுத்தும் .
140,இந்த மாநாட்டில் கட்சி சாராத இளைஞர்கள் அதிகளவில் பங்கேற்க வேண்டும் என அழைப்பு விடுத்த் உள்ளோம் என்றார் வைகோ .
141,இலங்கையில் போரினால் பாதிக்கப்பட்டு அகதி முகாம்களில் தங்கிய்உள்ள தமிழர்களுக்கு இந்தியா அனைத்து உதவிகளைய்உம் செய்யும் என்று இந்திய வெளியுறவுத் துறைச் செயலர் நிருபமா ராவ் உறுதி கூறினார் .
142,"இலங்கை சென்ற்உள்ள நிருபமா ராவ் , அங்கு அகதி முகாம்களில் தங்கிய்உள்ள தமிழர்களைச் சந்தித்து அவர்களின் குறைகளைக் கேட்டறிந்தார் ."
143,வவுனியாவில் உள்ள முகாமை அவர் செவ்வாய்க்கிழமை பார்வையிட்டார் .
144,"அங்குள்ள மக்களிடம் குறை , நிறைகளை கேட்டுத் தெரிந்து கொண்டார் ."
145,""" எங்களால் முடிந்தளவு உங்களுக்கு உதவ நாங்கள் தயாராக உள்ளோம் ; இயன்றவரை கண்டிப்பாகச் செய்வோம் என்று உள்ளூர் மக்கள் இடம்உம் அகதி முகாம்களில் உள்ள தமிழர்களிடம் அவர் உறுதி கூறினார் ."
146,கொழும்ப்இலிருந்து விமானம் மூலம் வன்னி ராணுவ தலைமையகத்துக்குச் சென்ற அவர் பின்னர் அங்கிருந்து கார் மூலம் வவுனியாவுக்கு அழைத்துச் செல்லப்பட்டார் .
147,செட்டிகுளத்தில் உள்ள முகாமை அவர் பார்வையிட்டார் .
148,வடக்கு ஓமந்தை என்ற இடத்தில் உள்ள விடுதலைப் புலிகளின் 3 பதுங்கு குழிகளை அவர் பார்த்தார் .
149,"வெடிக்காத கண்ணி வெடிகள் , வெடிகுண்டுகளை இலங்கை ராணுவ அதிகாரிகள் நிருபமாவ் இடம் அப்போது காண்பித்தனர் ."
150,பகுதியில் மறு குடியமர்வு செய்யப்பட்ட்உள்ள தமிழர்களைச் சந்தித்து அவர்களுக்கு விவசாய உபகரணங்களைய்உம் வீட்டு உபயோகப் பொருள்களைய்உம் அவர் வழங்கினார் .
151,பின்னர் வவுனியாவில் உள்ள அரசு பிரதிநிதிய் உடன் அவர் ஆலோசனை நடத்தினார் .
152,தமிழர்களை அவர்களது சொந்த இடங்களில் மறுபடியும் குடியமர்த்துவது குறித்த்உம் அகதி முகாம்களில் உள்ள தமிழர்களுக்க்உம் உள்ளூர் மக்களுக்க்உம் அடிப்படை வசதிகளை செய்து கொடுப்பது குறித்த்உம் அரசுப் பிரதிநிதிய் உடன் அவர் ஆலோசித்தார் .
153,அகதி முகாம்களில் சிரமப்படும் தமிழர்களுக்குத் தேவையானவற்றை இலங்கை அரசு செய்து தரும் என்று அவர் நம்பிக்கை தெரிவித்தார் .
154,அவருடன் இலங்கைக்க்ஆன இந்தியத் தூதர் அசோக் காந்தா துணைத் தூதர் விக்ரம் மிஸ்ரி மற்றும் இலங்கை அதிகாரிகள்உம் சென்றனர் .
155,பின்னர் விடுதலைப்புலிகளால் புதைத்து வைக்கப்பட்ட்இருந்த கண்ணி வெடிகளை அப்புறப்படுத்தும் பணிகளை அவர் பார்வையிட்டார் .
156,கண்ணி வெடிகளை அப்புறப்படுத்தும் பணியில் இந்தியாவைச் சேர்ந்த 7 குழுக்கள் பணியாற்றி வருகின்றன .
157,"கண்ணி வெடிகளை அப்புறப்படுத்திய பின்னரே தமிழர்களை மறுபடியும் குடியமர்த்த முடியும் என்று கூறி , கண்ணி வெடிகளை அப்புறப்படுத்தி வருகிறது இலங்கை அரசு ."
158,"நிருபமா கொழும்பு செல்வதற்கு முன் , வடக்குப் பகுதியில் முல்லைத் தீவுக்க்உம் கிழக்குப் பகுதியில் திரிகோணமலைக்க்உம் புதன்கிழமை செல்கிறார் ."
159,கொழும்பு திரும்பியவ்உடன் புதன்கிழமை மாலை தமிழ் எம்.பி.க்கள் மற்றும் தமிழர் கட்சித் தலைவர்கள்உடன் அவர் ஆலோசனை செய்வார் என்று தெரிகிறது .
160,ராஜபட்சவ்உடன் சந்திப்பு : .
161,வியாழக்கிழமை இலங்கை அதிபர் ராஜபட்ச மற்றும் வெளியுறவு அமைச்சர் ஜி.எல். பெரிஸ்ûஸ சந்திக்கிறார் .
162,தமிழர்களுக்க்ஆன நிவாரணப் பணிகள் மற்றும் மறு குடியமர்வுக்க்ஆக இந்தியா ஏற்கெனவே | 500 கோடி நிதியுதவி அறிவித்த்உள்ளது .
163,இதுதவிர தமிழக அரசு சேகரித்த 2.5 லட்சம் குடும்ப நிவாரண பாக்கெட்டுகளைய்உம் இந்தியா வழங்கி உள்ளது .
164,"இதுதவிர கூடாரங்கள் , விவசாய உபகரணங்கள் உள்ளிட்ட 2500 மெட்ரிக் டன் நிவாரணப் பொருள்கள்உம் ஏற்கெனவே வழங்கப்பட்ட்உள்ளன ."
165,வடக்கு மற்றும் கிழக்குப் பகுதிகளுக்க்ஆக 55 பேருந்துகளை இந்தியா வழங்கிய்உள்ளது .
166,சமீபத்தில் 4 லட்சம் சிமென்ட் மூட்டைகளைய்உம் இந்தியா வழங்கியது .
167,தமிழர்களின் சேதமடைந்த வீடுகளை பழுதுபார்க்க இந்த சிமென்ட் மூட்டைகள் வழங்கப்பட்ட்உள்ளன .
168,மேலும் வடக்கு மற்றும் கிழக்குப் பகுதியில் தமிழர்களுக்க்ஆக 50 ஆயிரம் வீடுகளை கட்டிக் கொடுப்பத்ஆகவ்உம் இந்தியா அறிவித்த்உள்ளது .
169,"இதுதவிர , வட கிழக்குப் பகுதியில் பல்வேறு வளர்ச்சித் திட்டங்களை இந்தியா நிறைவேற்றி வருகிறது ."
170,"ரயில் பாதை அமைப்பது , துறைமுகம் , கலாசார மையங்கள் , விளையாட்டு அரங்குகள் ஆகியவற்றைக் கட்டும் பணிகளில் இந்தியா ஈடுபட்ட்உள்ளது ."
171,அமெரிக்காவுக்குச் சென்ற பாகிஸ்தான் ராணுவ அதிகாரிகள் குழுவினரை விமானத்த்இலிருந்து இறக்கி அமெரிக்க அதிகாரிகள் கடுமையான முறையில் விசாரணை மேற்கொண்டத்ஆக செய்திகள் வெளியாகிய் உள்ளன .
172,அமெரிக்காவில் நடைபெறும் ராணுவ மாநாடு ஒன்றில் கலந்து கொள்வதற்க்ஆக பாகிஸ்தானைச் சேர்ந்த 9 ராணுவ உயர் அதிகாரிகள் அந்நாட்டுக்குச் சென்ற்இருக்கினறனர் .
173,நேற்று காலை வாஷிங்டனில் இருந்து மாநாடு நடைபெறும் தம்பா நகருக்கு அமெரிக்க ஏர்வேஸ் விமானத்தில் செல்லத் தயாராகினர் .
174,விமானம் புறப்படத் தயாரான போது அவர்களை விமானத்த்இலிருந்து கீழே இறக்கி அமெரிக்க அதிகாரிகள் விசாரணை நடத்தியத்ஆகத் தெரிகிறது .
175,இந்தத் தகவலை வாஷிடங்டன் போஸ்ட் பத்திரிகை வெளியிட்ட்இருக்கிறது .
176,விமான ஊழியர் இடம் ராணுவ அதிகாரிகள்உள் ஒருவர் சர்ச்சைக்குரிய கருத்தைத் தெரிவித்ததற்க்ஆகவ்ஏ அவர்கள் அனைவரும் இறக்கி விடப் பட்டத் ஆகக் கூறப் படுகிறது .
177,எனினும் இது குறித்த முழு விவரம்உம் அந்தப் பத்திரிகை செய்தியில் வெளியிடப்படவ்இல்லை .
178,"கிட்டத்தட்ட இரண்டரை மணி நேரம் அந்த ராணுவ அதிகாரிகள் அனைவரும் அமெரிக்க அதிகாரிகளின் கட்டுப்பாட்டில் வைக்கப்பட்ட்இருந்தத்ஆகவ்உம் , தூதரகத்த்உடன்ஓ , அமெரிக்க ராணுவ அதிகாரிகள்உடன்ஓ பேசுவதற்கு அவர்களுக்கு அனுமதி வழங்கப்படவ்இல்லை எனவ்உம் அந்தச் செய்தி கூறுகிறது ."
179,அவர்களால் எந்த அச்சுறுத்தல்உம் இல்லை என்கிற முடிவுக்கு வந்த பிறகே அவர்களை அமெரிக்க அதிகாரிகள் விடுவித்தத்ஆகவ்உம் தெரிகிறது .
180,"இந்தச் சம்பவத்தைய்அடுத்து , பயணத்தை ரத்து செய்து விட்டு , நாடு திரும்பும் படி அவர்களுக்கு பாகிஸ்தான் ராணுவம் உத்தரவிட்ட்இருக்கிறது ."
181,அவர்கள் இன்று பாகிஸ்தான் திரும்புவார்கள் எனத் தெரிகிறது .
182,ஜார்க்கண்டின் தும்கா மாவட்டத்தில் மாவோயிஸ்டுகள்உடன் நிகழ்ந்த கடும் துப்பாக்கிச்சண்டையில் போலீஸ் அதிகாரி ஒருவர் உயிரிழந்தார் .
183,இரு போலீசார் காயமடைந்தனர் .
184,ஜாமா வனப்பகுதிகளில் இன்று அதிகாலை நிகழ்ந்த இந்த துப்பாக்கிச்சண்டையில் தலையில் குண்டு பாய்ந்த ஜாமா போலீஸ் நிலைய அதிகாரி சதானந்த் சிங் சம்பவ இடத்தில்ஏயே உயிரிழந்தத்ஆக துணை போலீஸ் ஐஜி பி.கே.பாண்டே தெரிவித்தார் .
185,சிறப்பு அதிரடிப்படையைச் சேர்ந்த கான்ஸ்டபிள் ரவிசங்கர் உள்ளிட்ட இருவர் இந்த துப்பாக்கிச்சண்டையில் காயமடைந்தனர் .
186,இதையடுத்து ராஞ்சியில் இருந்து உயர் போலீஸ் அதிகாரிகள் தும்காவுக்கு விரைந்து சென்று விசாரணை நடத்தினர் .
187,விநாயகர் சதுர்த்தி பண்டிகை கொண்டாடும் மக்களுக்கு அதிமுக பொதுச்செயலர் ஜெயலலிதா வாழ்த்து தெரிவித்த்உள்ளார் .
188,"ரம்ஜானை முன்னிட்டு நல்லெண்ண நடவடிக்கைய்ஆக , பாகிஸ்தான் நாட்டைச் சேர்ந்த 85 கைதிகள் விடுதலை செய்யப்படுவத்ஆக இந்தியா இன்று அறிவித்தது ."
189,இந்தியாவில் பல்வேறு சிறைகளில் அடைக்கப்பட்ட்உள்ள அவர்களில் பெரும்பாலானவர்கள் மீனவர்கள் ஆவர் .
190,குஜராத் சிறைகளில் அடைக்கப்பட்ட்இருந்த 58 மீனவர்களை விடுதலை செய்ய செப்டம்பர் 9ம் தேதி உத்தரவு பிறப்பிக்கப்பட்ட்இருப்பத்ஆக மத்திய உள்துறை அமைச்சகம் வெளியிட்ட்உள்ள செய்திக்குறிப்பில் தெரிவிக்கப்பட்ட்உள்ளது .
191,"அவர்கள்உடன் , பஞ்சாப் மற்றும் ஜம்மு-காஷ்மீர் சிறைகளில் இருந்து தலா 7 பேர்உம் , ராஜஸ்தான் சிறையில் இருந்து ஒருவர்உம் , தில்லி சிறையில் இருந்து 2 பேர்உம் விடுவிக்கப் படுகின்றனர் ."
192,மொத்தம் 85 பேர் விடுதலைசெய்யப்படஉள்ளத்ஆக உள்துறை அமைச்சகம் தெரிவித்த்உள்ளது .
193,"இந்த ஆண்டு இதுவரை 128 கைதிகள் விடுவிக்கப்பட்டு , அட்டாரி வழியாக பாகிஸ்தானுக்கு அனுப்பப்பட்ட்உள்ளனர் ."
194,தற்போது புதிதாக 85 பேர் விடுவிக்கப்படஉள்ளதைய்அடுத்து இந்த ஆண்டு மொத்தம் 213 கைதிகளை இந்தியா விடுதலை செய்த்உள்ளது குறிப்பிடத் தக்கது .
195,அல்கொய்தா தீவிரவாத இயக்கத்தின் தலைவர் ஒசாமா பின் லேடனை பிடிப்பது அமெரிக்காவுக்கு முக்கியம் என்று அந்நாட்டின் அதிபர் ஒபாமா கூறிய்உள்ளார் .
196,வெள்ளை மாளிகையில் நடைபெற்ற செய்தியாளர் சந்திப்பில் அவர் இவ்வாறு தெரிவித்தார் .
197,""" பின் லேடன் உயிருடன் பிடிபட வேண்டும் அல்லது கொல்லப்பட வேண்டும் ."
198,அமெரிக்காவின் பாதுகாப்புக்கு இது முக்கியம் என்பதால் அதற்கான பணிகள் தொடர்ந்து நடைபெறும் .
199,இதற்காக நாட்டின் மிகச் சிறந்த அதிகாரிகள்உம் வீரர்கள்உம் இரவ்உம் பகல்உம் பாடுபட்டு வருகின்றனர் .
200,அல்கொய்தா இயக்கம் உலகத்துக்கு இன்னும் மிகப் பெரும் அச்சுறுத்தல்ஆகவ்ஏ உள்ளது என்ற்உம் ஒபாமா கூறிய்உள்ளார் .
201,மத்திய மனிதவள மேம்பாட்டுத்துறை அமைச்சர் கபில் சிபல் உயர்கல்வியில் கூடுதல் கவனம் செலுத்துவதை விட்டு பள்ளிக் கல்வி வளர்ச்சி மீது கவனம் செலுத்த வேண்டும் என்று காங்கிரஸ் கட்சியின் மூத்த தலைவர் திக்விஜய் சிங் கருத்து தெரிவித்த்உள்ளார் .
202,"ஐஐடியில் மருத்துவப் படிப்புகள் , வெளிநாட்டு பேராசிரியர்கள் மற்றும் மாணவர்கள் , புதிய நுழைவுத் தேர்வு முறைகள் ஆகியவைகுறித்து ஆலோசிக்கப்படுவத்ஆக நேற்று அமைச்சர் கபில் சிபல் கூறிய் இருந்தார் ."
203,"இந்நிலையில் , ஆளுங்கட்சியின் மூத்த தலைவர்உம் மத்தியப் பிரதேசத்தின் முன்னாள் முதல்வர்உம்ஆன திக்விஜய் சிங் , பள்ளிக் கல்வி மீது கவனம் செலுத்தப்படவேண்டும் என்று கபில் சிபலுக்கு அறிவுறுத்திய் இருப்பது பரபரப்பை ஏற்படுத்திய்உள்ளது ."
204,"இவர் ஏற்கெனவே , உள்துறை அமைச்சர் சிதம்பரத்தின் மாவோயிஸ்ட் எதிர்ப்புக் கொள்கைகள்குறித்து விமர்சித்த்இருந்தார் என்பது குறிப்பிடத் தக்கது ."
205,குஜராத் உள்ளாட்சித் தேர்தலில் பெரும்பான்மையான இடங்களில் பாஜக வெற்றி பெற்றுள்ளது .
206,"ஆமதாபாத் , ராஜ்கோட் , சூரத் , வதேதரா , ஜாம்நகர் , பாவ்நகர் ஆகிய 6 நகரங்களில் மொத்தம் உள்ள 555 உள்ளாட்சி இடங்களில் 444-ல் பாஜக வெற்றி பெற்றுள்ளது ."
207,சோராபுதீன் போலி என்கவுன்ட்டர் வழக்கில் உள்துறை அமைச்சர்ஆக இருந்த அமித் ஷா சிபிஐ போலீஸாரால் கைது செய்யப்பட்ட விவகாரம் தேர்தல் பிரசாரத்தில் முக்கிய இடத்தைப் பெற்ற் இருந்தது .
208,"இதுகுறித்து இன்று பொதுக்கூட்டங்களில் பேசிய முதல்வர் நரேந்திர மோடி , "" காங்கிரஸ் - சிபிஐ புலனாய்வு அமைப்பின் கூட்டணியை மக்கள் நிராகரித்து விட்டனர் "" என்று குறிப்பிட்டார் ."
209,"குஜராத் உள்ளாட்சித் தேர்தலில் , 80 லட்சத்துக்க்உம் மேற்பட்ட வாக்காளர்களில் 45 சதவீதம் பேர் தங்கள் வாக்குகளை பதிவு செய்திருந்தனர் ."
210,"தில்லி காமன்வெல்த் போட்டியில் , 10 மீட்டர் கைத்துப்பாக்கிச் சுடுதல் பெண்களுக்க்ஆன இரட்டையர் பிரிவில் ஹீனா சித்து - அன்னு ராஜ் ஜேடி தங்கப் பதக்கம் வென்றது ."
211,"இதையடுத்து , இந்தியா வென்ற தங்கப் பதக்கங்களின் எண்ணிக்கை 31ஆக உயர்ந்த்உள்ளது ."
212,"இந்நிலையில் , சம்ரேஷ் ஜங் - சந்திரசேகர் குமார் செளத்ரி ஜோடி 25 மீட்டர் கைத்துப்பாக்கிச் சுடுதலில் வெள்ளிப் பதக்கம் வென்றனர் ."
213,"இதுபோல் , பெண்களுக்க்ஆன 50 மீட்டர் துப்பாக்கிச்சுடுதலில் தேஜஸ்வினி சாவந்த் வெள்ளிப் பதக்கம் வென்ற்உள்ளார் ."
214,சாகும் வரை சிறையில் அடைத்து வைத்த்இருந்தால்உம் செய்யாத குற்றத்துக்க்ஆக மன்னிப்பு கேட்க மாட்டேன் என்று இலங்கை ராணுவத்தின் முன்னாள் தளபதி சரத் பொன்சேகா கூறிய்உள்ளத்ஆக தகவல்கள் வெளியாகிய் உள்ளன .
215,போரின்போது சரணடைய வந்த விடுதலைப் புலிகளின் தலைவர்கள் சுட்டுக் கொல்லப்பட்டது தொடர்பான விசாரணை கொழும்பு நீதிமன்றத்தில் நடைபெற்று வருகிறது .
216,"இதில் , ஆஜர்ஆக வந்த போது , பொன்சேகா மேற்கண்ட தகவலை கூறியத்ஆக இலங்கைத் தமிழ் இணையதளங்களில் செய்தி வெளியாகிய்உள்ளது ."
217,""" நீங்கள் யாரும் கவலைப்படாதீர்கள் ."
218,அச்சப்பட வேண்டாம் .
219,நான் குற்றம் அற்றவன் என்ற வகையில் தைரியத்த்உடன் உள்ளேன் .
220,"எனவே , நீங்கள்உம் தைரியமாக இருங்கள் ."
221,எனக்கு ஆயுள் தண்டனை விதித்தால்உம் அல்லது சாகும் வரை சிறையில்ஏயே அடைத்து வைத்தால்உம் செய்யாத குற்றத்துக்க்ஆக யார் இடம்உம் மன்னிப்பு கேட்க மாட்டேன் .
222,""" என்று நீதிமன்றத்தில் கூடிய்இருந்த தனது ஆதரவாளர்கள் இடையே பொன்சேகா கூறியத்ஆக அந்த இணையதளச் செய்தியில் தெரிவிக்கப்பட்ட்உள்ளது ."
223,தில்லி காமன்வெல்த் போட்டியின் நிறைவு விழாவை புறக்கணிப்பத்ஆக விடுதலைச் சிறுத்தைகள் கட்சித் தலைவர் திருமாவளவன் அறிவித்த்உள்ளார் .
224,இதுகுறித்து அவர் இன்று வெளியிட்ட்உள்ள அறிக்கையில் கூறிய்இருப்பத்ஆவது : .
225,தில்லி காமென்வெல்த் விளையாட்டுப் போட்டி நிறைவு விழாவில் சிறப்பு விருந்தினர்ஆக ராஜபட்சவை மத்திய அரசு அழைத்த் இருப்பத்ஆக வெளியாகிய்உள்ள தகவல் பெரும் அதிர்ச்சியைய்உம் வேதனையைய்உம் அளிக்கிறது .
226,ஈழத் தமிழர்களை ஈவிரக்கம் இன்றி லட்சக் கணக்கில் கொன்றுகு வித்த ராஜபட்சவை தில்லிக்கு அழைத்துச் சிறப்பிக்க விரும்பும் மத்திய அரசின் அணுகுமுறைய் ஆனது சுமார் 10 கோடிக்க்உம் மேலான ஒட்டுமொத்தத் தமிழினத்தையும் கேவலப்படுத்துவத்ஆக அமைந்த்உள்ளது .
227,அத்துடன் பிறர் துன்பத்தில் இன்பம் காணும் கொடூர வன்மம் நிறைந்த வக்கிரபுத்தியை இதன்மூலம் மத்திய அரசு வெளிப்படுத்திய்உள்ளது .
228,"ராஜபட்சவ்உம் சிங்கள அரச்உம் போர் மரபுகளை மீறி மனிதநேயம் அற்ற முறையில் போர்க் குற்றம் இழைத்த்உள்ளனர் என்று ஜனநாயகத்தின் மீது நம்பிக்கை உள்ள சர்வதேச நாடுகள் கண்டித்து வருகிற நிலையில் , மத்திய அரசு அதற்கு நேர்மாறாக ஒரு போர்க் குற்றவாளிக்கு சிவப்புக் கம்பளம் விரிப்பது அத்தகைய போர்க் குற்றத்தில் மத்திய அரசின் பங்களிப்பு எத்தகையது என்பதை உறுதிப்படுத்துவத்ஆக உள்ளது ."
229,மத்திய அரசின் இந்தப் போக்கை விடுதலைச் சிறுத்தைகள் கட்சி வன்மையாகக் கண்டிக்கிறது .
230,ராஜபட்சவை அழைக்கும் முடிவை உடனடியாகக் கைவிட வேண்டும் என்ற்உம் தமிழினத்தின் சார்பில் வற்புறுத்துகிறோம் .
231,நாடாளுமன்ற உறுப்பினர் என்கிற முறையில் நிறைவு விழாவில் பங்கேற்பதற்கு எனக்க்உம் அழைப்பு வந்த்உள்ளது .
232,ஆனால் மத்திய அரசின் தமிழின விரோதப் போக்கைக் கண்டிக்கும் வகையில் அவ்விழாவை நான் புறக்கணிக்கிறேன் .
233,தமிழகத்தைச் சேர்ந்த நாடாளுமன்ற உறுப்பினர்கள் மற்றும் அமைச்சர்கள் அனைவரும் தமிழின ஒற்றுமையை வெளிப்படுத்தும் வகையில் அவ்விழாவைப் புறக்கணிக்க வேண்டும் ஆறு கேட்டுக்கொள்கிறேன் .
234,இவ்வாறு திருமாவளவன் தனது அறிக்கையில் தெரிவித்த்உள்ளார் .
235,கர்நாடக மாநிலத்தில் குடியரசுத் தலைவர் ஆட்சியை அமல்படுத்த வேண்டும் என்று திராவிடர் கழகத் தலைவர் கி. வீரமணி கூறிய்உள்ளார் .
236,இதுகுறித்து அவர் இன்று வெளியிட்ட்உள்ள அறிக்கையில் கூறியிருப்பத்ஆவது : .
237,"எடியூரப்பா அரசை பெரும்பான்மையை நிரூபிக்க ஆளுநர் உத்தரவிட்ட நிலையில் , 5 சுயேட்சை எமெலேக்கள் உட்பட 16 எமெலேக்களை தகுதி நீக்கம் செய்த்உள்ளனர் ."
238,கட்சித் தாவல் சட்டம் சுயேட்சை எமெலேக்களை கட்டுப்படுத்தாது .
239,"மேலும் , கட்சி கொறடாவின் உத்தரவை மீறி 11 பாஜக எமெலேக்கள் வாக்களித்த பின்னர் தான் அவர்களை தகுதி நீக்கம் செய்ய முடியும் ."
240,குரல் வாக்கெடுப்பு மூலம் ஒரு வாக்கு கூடுதலாக பெற்று எடியூரப்பா அரசு வெற்றி பெற்றுவிட்டத்ஆக அறிவித்தது சட்ட விரோதம்ஆன செயல் .
241,"சட்டப்பேரவையில் நடைபெற்ற அமளி , அடிதடி , கூச்சல் , குழப்பம் நாட்டின் ஜனநாயகத்திற்க்ஏ மிகப்பெரிய களங்கத்தை உண்டாக்கிய தேசிய அவமானம் ஆகும் ."
242,"எனவே , உடனடியாக எடியூரப்பா அரசை நீக்கி விட்டு அங்கு குடியரசுத் தலைவர் ஆட்சியை அமல்படுத்த வேண்டும் ."
243,இவ்வாறு கி. வீரமணி தனது அறிக்கையில் தெரிவித்த்உள்ளார் .
244,மணலி பெட்ரோ கெமிக்கல்ஸ் நிறுவனத்தின் நச்சுத்தன்மை கொண்ட கழிவு நீரை கடலில் கலக்க அனுமதித்த்இருக்கும் தமிழக அரசைக் கண்டித்து நாளை மறுநாள் திருவொற்றியூரில் அதிமுக சார்பில் ஆர்ப்பாட்டம் நடைபெறும் என்று அக்கட்சியின் பொதுச்செயலர் ஜெயலலிதா அறிவித்த்உள்ளார் .
245,இதுகுறித்து அவர் இன்று வெளியிட்ட்உள்ள அறிக்கையில் கூறியிருப்பத் இருப்பத்ஆவது : .
246,"சென்னை , திருவொற்றியூர் பகுதியில் வாழும் மீனவ மக்களுக்கு ஆபத்து ஏற்பட்ட்உள்ளது ."
247,"சென்னையை ஒட்டிய்உள்ள , திருவொற்றியூர் , எண்ணூர் பகுதிகளில் 60 ஆயிரத்திற்க்உம் மேற்பட்ட மீனவ மக்கள் மீன்பிடித் தொழிலை நம்பி வாழ்ந்து வருகின்றனர் ."
248,"தி.மு.க. அரசின் துணையோடு , மணலி பெட்ரோ கெமிக்கல்ஸ் லிமிடெட் ஆலைய்இலிருந்து வெளியேற்றப்படும் நச்சுத் தன்மை கொண்ட ரசாயனம் கலந்த கழிவு நீரை குழாய் மூலம் கொண்டு வந்து கடலில் கலப்பதற்க்ஆன வேலைகள் மும்முரமாக நடந்து வருகின்றன என்ற்உம் , இதற்காக மிகப் பெரிய தொகை அமைச்சர் கே.பி.பி. சாமியிடம் கொடுக்கப்பட்டு விட்டத்ஆகவ்உம் அப்பகுதி மக்கள் தெரிவிக்கின்றனர் ."
249,"மேற்படி ஆலையின் நச்சுத் தன்மை கொண்ட நீர் கடலில் கலந்தால் மீன் உற்பத்தி பெரிதும் பாதிக்க ப்படும் என்ற்உம் , மீன்கள் செத்து மடிகின்ற சூழ்நிலை உருவாகும் என்ற்உம் , மீன்பிடி தொழில் முற்றிலுமாக தடைபட்டு , மீனவர்களின் வாழ்வாதாரம் பாதிக்க ப்படும் என்ற்உம் அப்பகுதி மக்கள் தெரிவிக்கின்றனர் ."
250,"மீனவ விரோதச் செயலுக்குத் துணை போகும் அமைச்சர் கே.பி.பி. சாமிக்கும் , இதைத் தடுத்து நிறுத்த நடவடிக்கை எடுக்காத முதல்வர் கருணாநிதிக்கும் கண்டனத்தைத் தெரிவித்துக் கொள்கிறேன் ."
251,"மணலி பெட்ரோ கெமிக்கல்ஸ் நிறுவனத்தின் நச்சுத் தன்மை கொண்ட கழிவுநீரை கடலில் கலக்க அனுமதித்த்இருக்கும் தி.மு.க. அரசைக் கண்டித்த்உம் , உடனடியாக இதை தடுத்து நிறுத்த வலியுறுத்திய்உம் , திருவள்ளூர் மாவட்டம் , திருவொற்றியூர் நகர அதிமுக சார்பில் , 14.10.2010 வியாழக் கிழமை காலை 10 மணி அளவில் , திருவொற்றியூர் நகராட்சி அலுவலகம் எதிரில் அதிமுக இலக்கிய அணித் தலைவர் பழ. கருப்பையா தலைமையில் கண்டன ஆர்ப்பாட்டம் நடைபெறும் ."
252,இவ்வாறு ஜெயலலிதா தனது அறிக்கையில் தெரிவித்த்உள்ளார் .
253,ஆப்கானிஸ்தானில் தீவிரவாதிகளின் செயல்களால் பொதுமக்கள் 10 பேர் உயிரிழந்தனர் .
254,"பக்டிகா மாகாணத்தில் உள்ள ஜானி கேல் மாவட்டத்தில் , பொதுமக்கள் பயணம் செய்த வாகனம் ஒன்றை தீவிரவாதிகள் வீசிய ராக்கெட் தாக்கியது ."
255,"இதில் , பயணம் செய்தவர்களில் 6 பேர் உயிரிழந்தனர் ."
256,ஜபூல் மாகாணத்தில் ஷாஜோய் மாவட்டத்தில் பொதுமக்கள் பயணம் செய்த ஜீப் ஒன்று சாலையோரத்தில் கிடந்த வெடிகுண்டு மீது ஏறியது .
257,"இதில் , அந்த குண்டு வெடித்ததில் சம்பவ இடத்தில்ஏயே 4 பேர் உயிரிழந்தனர் ."
258,சாலையில் கிடக்கும் குண்டுகள் மற்றும் வன்முறைக்கு பொதுமக்கள் பலியாகும் சம்பவங்கள் ஆப்கனில் நாள்தோறும் நடைபெற்று வருகின்றன .
259,"ஆப்கனில் , 2010 ஜனவரி முதல் ஜூன் மாதம் வரை மட்டும் சுமார் 1200க்க்உம் மேற்பட்ட பொதுமக்கள் உயிரிழந்த்உள்ளனர் ."
260,2000 பேர் காயமடைந்த்உள்ளனர் என்று ஐநா அறிக்கை தெரிவித்த்உள்ளது .
261,உக்ரைன் நாட்டில் பஸ் ஒன்றின் மீது ரயில் மோதியதில் 37 பேர் உயிரிழந்தனர் .
262,இன்று காலை டிநிபெட்ரோவிஸ்க் மாகாணத்தில் உள்ள மார்ஹனெட்ஸ் நகரில் இச்சம்பவம் நிகழ்ந்தது .
263,அங்குள்ள ரயில்வே கேட் தானியங்கி முறையில் செயல்படக் கூடியது .
264,"முன்னதாக , ரயில்வே கேட் மூடுவதற்க்ஆக கீழே இறங்கிக் கொண்ட்இருந்தது ."
265,"மேலும் , ரயில் வருவதற்க்ஆன எச்சரிக்கை ஒலிய்உம் ஒலித்துக் கொண்ட்இருந்தது ."
266,"ஆனால் , இவற்றை கண்டுகொள்ளாமல் ஓட்டுநர் பஸ்சை ரயில் பாதையை கடந்து ஓட்டிச் செல்ல முயன்றார் ."
267,"அப்போது , பயங்கர வேகத்தில் வந்த ரயில் பஸ் மீது பலமாக மோதியது ."
268,"இதில் , சம்பவ இடத்தில்ஏயே 37 பேர் உயிரிழந்தனர் ."
269,இந்த விபத்தில் 12 பேர் காயமடைந்தனர் .
270,அவர்கள் உடனடியாக அருகில் உள்ள மருத்துவமனையில் அனுமதிக்கப் பட்டனர் .
271,"இதில் , சிலரின் நிலை கவலைக்கிடம்ஆக உள்ளது ."
272,இத்தகவலை உக்ரைன் உள்துறை அமைச்சர் யெவ்ஹெனி கிரேவட்ஸ் செய்தியாளர்களிடம் தெரிவித்தார் .
273,இந்த விபத்தில் உயிரிழந்தவர்கள் அனைவரும் உள்ளூர் தொழிற்சாலை ஒன்றின் பணியாளர்கள் .
274,முதல்வர் கருணாநிதிக்கு கொலை மிரட்டல் விடுத்து இ-மெயில் அனுப்பப்பட்டது தொடர்பாக சென்னை மாநகர மத்தியக் குற்றப் பிரிவு போலீஸார் விசாரணை மேற்கொண்டு வருகின்றனர் .
275,"அதிமுக பொதுச் செயலாளர் ஜெயலலிதா , மதுரையில் அக்டோபர் 18-ல் நடைபெறும் கட்சி மாநாட்டில் கலந்து கொள்வதைய்ஒட்டி அவருக்கு கடந்த ஒரு மாதத்தில் 10-க்க்உம் மேற்பட்ட கொலை மிரட்டல் கடிதங்கள் அனுப்பப் பட்டன ."
276,இதுகுறித்து சிபிஐ விசாரணைக்கு உத்தரவிடப்பட்ட்உள்ளது .
277,"இந்நிலையில் , முதல்வர் கருணாநிதிக்கு இ-மெயிலில் கொலை மிரட்டல் விடுக்கப்பட்ட்உள்ளது ."
278,இதுகுறித்து போலீஸ் வட்டாரங்கள் கூறியத்ஆவது : .
279,முதல்வர் அலுவலகத் தனிப்பிரிவுக்கு திங்கள்கிழமை பகல் 1.30 மணிக்கு ஒரு இ-மெயில் வந்தது .
280,"அதில் , அதிமுக பொதுச் செயலாளர் ஜெயலலிதாவை அடிக்கடி தொந்தரவு செய்து வருகிறீர்கள் ."
281,"எனவே , உங்களைச் சுற்றிய்உள்ள நபர்களில் 3 பேர் ஊடுருவி உள்ளோம் ."
282,முதல்வரின் கார் வெளியே செல்லும் போது குண்டு வைப்போம் என்று இ-மெயிலில் இருந்தத்ஆக போலீஸ் வட்டாரங்கள் தெரிவித்தன .
283,இந்த கொலை மிரட்டல் இ-மெயில்குறித்து மத்தியக் குற்றப் பிரிவு போலீஸ் விசாரணைக்கு மாநகர காவல்துறை ஆணையர் டி.ராஜேந்திரன் உத்தரவிட்ட்உள்ளார் .
284,ஆப்கானிஸ்தானில் 2 இந்தியர்கள் உள்பட 3 பேரை கொன்று விட்டத்ஆக தலிபான் தீவிரவாதிகள் அறிவித்த்உள்ளனர் .
285,ஆப்கானிஸ்தானில் மறு சீரமைப்பு பணிகளில் இந்தியா உள்ளிட்ட பல்வேறு நாடுகளின் பணியாளர்கள் ஈடுபட்டு வருகின்றனர் .
286,இந்நிலையில் தலிபான் தீவிரவாதிகள் குனார் மாகாணத்தில் உள்ள அமெரிக்க விமானப் படை தளத்தின் மீத்உம் இந்திய தன்னார்வத் தொண்டு நிறுவன அலுவலகத்தின் மீத்உம் ஞாயிற்றுக்கிழமை தாக்குதல் நடத்தியத் ஆகக் கூறப் படுகிறது .
287,"இதில் 2 இந்தியர்கள் உள்பட 3 பேர் உயிரிழந்தத்ஆக தலிபான் தீவிரவாத இயக்கத்தின் செய்தித் தொடர்பாளர் , பாகிஸ்தானில் இருந்து வெளிவரும் பத்திரிகை ஒன்றுக்கு அளித்த பேட்டியில் தெரிவித்த்உள்ளார் ."
288,எனினும் இதை ஆப்கானிஸ்தானில் உள்ள இந்திய தூதரகம் மறுத்த்உள்ளது .
289,இந்தியர்கள் யாரும் கொல்லப்படவ்இல்லை என்று தூதரகம் கூறிய்உள்ளது .
290,ஐக்கிய நாடுகள் சபையின் பாதுகாப்புக் கவுன்சிலில் இந்தியாவுக்கு உறுப்பினர் அந்தஸ்து கிடைப்பது உறுதியாகி விட்டது .
291,ஏறக்குறைய 19 ஆண்டு இடைவெளிக்குப் பிறகு இந்தியா நிரந்தரம் அல்லாத உறுப்பினர் அந்தஸ்தைப் பிடிக்க உள்ளது .
292,இதற்கான தேர்தல் ஐக்கிய நாடுகள் சபையில் நடைபெற உள்ளது .
293,ஐக்கிய நாடுகள் சபையின் பாதுகாப்புக் கவுன்சிலில் நிரந்தரம் அல்லாத உறுப்பு நாட்ஆக இடம்பெறுவதற்கு போட்டியிட்ட கஜகஸ்தான் போட்டிய்இலிருந்து விலகிக் கொண்டது .
294,இதனால் இந்தியாவின் வாய்ப்பு பிரகாசமடைந்த்உள்ளது .
295,"ஆசியா , ஆப்பிரிக்கா , லத்தீன் அமெரிக்க பிராந்தியங்களுக்கு நடைபெறும் தேர்தலில் ஒரே ஒரு நாடு மட்டுமே போட்டியிடுவதால் அந்தந்த நாடுகள் வெற்றி பெறுவது உறுதியாகி விட்டது ."
296,மேற்கு ஐரோப்பாவுக்கு 2 பிரதிநிதிகளுக்க்ஆன இடம் உள்ளது .
297,"இந்த இரு இடங்களுக்கு கனடா , ஜெர்மனி , போர்ச்சுக்கல் ஆகிய 3 நாடுகள் போட்டியிடுகின்றன ."
298,ஆப்பிரிக்க நாடுகளில் தென்னாப்பிரிக்காவின் இடம் உறுதியாகி விட்டது .
299,"இதனால் மூன்று வளரும் பொருளாதார நாடுகள்ஆன இந்தியா , பிரேஸில் , தென்னாப்பிரிக்கா உள்ளிட்ட நாடுகள் இடம்பெற உள்ளன ."
300,"வரும் ஆண்டுகளில் பாதுகாப்புக் கவுன்சிலில் இந்தியா , சீனா , பிரேசில் , ரஷியா உள்ளிட்ட நாடுகள் மிக முக்கிய பங்காற்றும் என்று ஐக்கிய நாடுகள் சபைக்க்ஆன இந்திய பிரதிநிதி ஹர்தீப் சிங் பூரி தெரிவித்தார் ."
301,ஐக்கிய நாடுகள் சபையின் பாதுகாப்புக் கவுன்சிலில் இடம்பெறுவதற்கு உறுப்பு நாடுகளில் மூன்றில் இரண்டு பங்கு வாக்குகளைப் பெற வேண்டும் .
302,இதன்படி இந்தியாவுக்கு 128 நாடுகளின் ஆதரவு தேவை .
303,கடைசியாக 1992-ம் ஆண்டு பாதுகாப்புக் கவுன்சிலில் இந்தியா இடம்பெற்ற் இருந்தது .
304,"பாதுகாப்புக் கவுன்சிலில் நிரந்தரம் அல்லாத உறுப்பினர்ஆக உள்ள ஆஸ்திரியா , ஜப்பான் , மெக்ஸிகோ , துருக்கி , உகாண்டா ஆகியவற்றின் உறுப்பினர் காலம் நிறைவடைய உள்ளது ."
305,இதையொட்டி நடைபெறும் தேர்தலில் இந்தியா உள்ளிட்ட நாடுகள் போட்டியிடுகின்றன .
306,ஐக்கிய நாடுகள் பாதுகாப்புக் கவுன்சில் சீர்திருத்தம் கொண்டு வரப்படவேண்டும் என்று இந்தியா தொடர்ந்து வலியுறுத்தி வருகிறது .
307,"ஜெர்மனி வெற்றி பெற்றால் ஜி-4 நாடுகள் ( இந்தியா , பிரேஸில் , ஜப்பான் , ஜெர்மனி ) அனைத்தும் பாதுகாப்புக் கவுன்சிலில் இடம்பெற்று விட்டன என்ற பெருமை கிடைக்கும் ."
308,தேர்ந்தெடுக்கப்பட்ட நாடுகளின் பதவிக்காலம் அடுத்த ஆண்டு ஜனவரி 1-ம் தேதிய்இலிருந்து தொடங்கும் .
309,கடந்த செப்டம்பரில் நியூயார்க்கில் நடைபெற்ற ஜி-4 நாடுகளின் வெளியுறவு அமைச்சர்கள் மாநாட்டில் பாதுகாப்புக் கவுன்சிலில் சீர்திருத்தம் கொண்டு வருவதுகுறித்து விவாதிக்கப்பட்டது .
310,அப்போது சீர்திருத்தம் கொண்டு வருவதுகுறித்து விரைவாக முடிவெடுக்க வேண்டும் என்ற்உம் அப்போது கருத்து தெரிவிக்கப்பட்டது .
311,"ஐக்கிய நாடுகள் சபையில் உரையாற்றும் போது , நிரந்தர மற்றும் நிரந்தரம் அல்லாத உறுப்பினர்களின் எண்ணிக்கையை அதிகரிக்க வேண்டும் என்று மத்திய வெளியுறவு அமைச்சர் எஸ்.எம். கிருஷ்ணா வலியுறுத்தினார் ."
312,இது மிகவும் அவசியமாகும் .
313,அப்போதுதான் ஒருமித்த கருத்தை எட்டுவதற்கு வசதிய்ஆக இருக்கும் என்று அவர் மேலும் கூறினார் .
314,"அமெரிக்க அதிபர் பராக் ஒபாமா , இந்தியாவில் அடுத்த மாதம் சுற்றுப் பயணம் மேற்கொள்ளும் போது இந்த விவகாரம்குறித்து முக்கியமாக விவாதிக்க ப்படும் என்று தெரிகிறது ."
315,உலக உருக்கு சங்கத்தின் விருது ஆர்சிலார் மிட்டல் நிறுவனத் தலைவர் எல்.என். மிட்டலுக்கு வழங்கப்பட்ட்உள்ளது .
316,"டோக்கியோவைச் சேர்ந்த டெக்ஹின்ட் நிறுவனத் தலைவர்உம் உலக உருக்கு சங்கத்தின் துணைத் தலைவர்உம்ஆன பாலோ ரோகா , இந்த விருதை வழங்கினார் ."
317,இந்த சங்கத்தின் தலைவர்ஆக கடந்த ஓராண்ட்ஆக மிட்டல் இருந்தார் .
318,உருக்கு நிறுவன வளர்ச்சி மற்றும் இத்தொழிலில் மிட்டலின் பங்களிப்பைப் பாராட்டி இவ்விருது வழங்கப்பட்டது .
319,1992-ம் ஆண்டு இந்த விருது ஏற்படுத்தப்பட்டது .
320,இதுவரை 16 பேர் இவ்விருதைப் பெற்ற்உள்ளனர் .
321,பிரிட்டிஷ் ஸ்டீல் நிறுவனத்தின் தலைவர் சர் ராபர்ட் ஸ்கோலே முதன் முதலில் இவ்விருதைப் பெற்றார் .
322,தில்லி முதல்வர் ஷீலா தீட்சித்தை இன ரீதிய்ஆக விமர்சித்த நியூஸிலாந்து நாட்டின் டி.வி. வர்ணனையாளர் பால் ஹென்றி ஞாயிற்றுக்கிழமை வேலையை ராஜிநாமா செய்தார் .
323,"பால் ஹென்றி , கடந்த வாரம் ஒரு டி.வி. நிகழ்ச்சியில் தில்லி முதல்வர் ஷீலா தீட்சித்தின் பெயரை கேலியாக உச்சரித்தார் ."
324,"மேலும் , இந்தியர்களை அவமானப்படுத்தும் விதத்தில்உம் அவர் பேசினார் ."
325,பால் ஹென்றியின் இந்த செயலுக்கு இந்தியாவில் கடும் எதிர்ப்பு எழுந்தது .
326,நியூஸிலாந்து அரசிடம் இந்திய வெளியுறவு அமைச்சகம் எதிர்ப்பை வெளிப்படுத்தியது .
327,ஷீலா தீட்சித்தை கேலி செய்த டி.வி. வர்ணனையாளர் மீது உரிய நடவடிக்கை எடுக்க வேண்டும் என்ற்உம் கேட்டுக் கொண்டது .
328,"இதையடுத்து பால் ஹென்றியின் செயலுக்க்ஆக நியூஸிலாந்து அரசு , இந்திய அரசிடம் வருத்தம் தெரிவித்தது ."
329,பால் ஹென்றி மீது உரிய நடவடிக்கை எடுப்பத்ஆகவ்உம் உறுதி அளித்தது .
330,இந்நிலையில் பால் ஹென்றி தனது வேலையை ராஜிநாமா செய்த்உள்ளார் .
331,"இதுகுறித்து அவர் கூறுகையில் , எனது பேச்ச்உம் , கருத்த்உம் இந்தளவுக்கு சர்ச்சையை ஏற்படுத்தும் என்று நான் எதிர்பார்க்கவ்இல்லை ."
332,பிரச்னை பெரித்ஆகியதால் நான் பயந்து போனேன் .
333,எனது வார்த்தைகள் யாருடைய மனதைய்உம் புண்படுத்திய்இருந்தால் மன்னித்துக் கொள்ளும் ஆறு ஏற்கெனவே இரு தடவை கேட்டுக் கொண்ட்உள்ளேன் என்றார் .
334,அமெரிக்காவின் ஹூஸ்டனில் உள்ள பழமைவாய்ந்த ஸ்ரீ கிருஷ்ணர் ஆலயத்தில் இருந்து சில சிலைகள் திருடு போய் உள்ளன .
335,"இது , அமெரிக்காவில் வசிக்கும் ஆயிரக்கணக்க்ஆன இந்தியர்கள் மத்தியில் அதிர்ச்சியை ஏற்படுத்திய்உள்ளது ."
336,திருடிச் சென்ற சிலையை திருப்பி கொடுத்திடும் ஆறு அந்த கோயில் நிர்வாக செய்தித் தொடர்பாளர் சிராக் பட் வேண்டுகோள் விடுத்த்உள்ளார் .
337,சிலையை திருப்பி கொடுப்பவர்கள் மீது எவ்வித நடவடிக்கைய்உம் எடுக்கப் படாது .
338,ரூ. 2 லட்சம் சன்மானம் அளிக்க ப்படும் என்று அவர் கூறிய்உள்ளார் .
339,திருடப்பட்ட சிலைகள் அனைத்தும்ஏ பித்தளையால் செய்யப்பட்டது .
340,இது திருடர்களுக்கு தெரியவ்இல்லை .
341,சிலைகள் தங்கத்தால் செய்யப்பட்டது என நினைத்து அவர்கள் திருடிச் சென்ற்உள்ளனர் என்ற்உம் சிராக் பட் தெரிவித்தார் .
342,ஹூஸ்டனில் உள்ள ஸ்ரீ கிருஷ்ணர் ஆலயம் பழமை வாய்ந்தது .
343,இந்த ஆலயத்துக்கு ஹூஸ்டனில் வசிக்கும் மக்கள் மட்டுமல்லாது அமெரிக்கா முழுவதும் வசிக்கும் இந்திய மக்கள் வந்து வழிபாடு நடத்துகின்றனர் .
344,கர்நாடக பேரவையில் இன்று நடைபெற்ற நம்பிக்கை வாக்கெடுப்பில் முதல்வர் எடியூரப்பா அரசு வெற்றிபெற்றது .
345,"மொத்தம் உள்ள 206 வாக்குகளில் எடியூரப்பா அரசுக்கு ஆதரவ்ஆக 106 வாக்குகள்உம் , எதிராக 100 வாக்குகள்உம் பதிவாயின ."
346,திங்கட்கிழமையன்று நடைபெற்ற நம்பிக்கை வாக்கெடுப்பில் எதிர்க்கட்சிக்கு ஆதரவ்ஆக இருந்த சுயேச்சை எமெலே ஒருவர் இன்று அரசுக்கு ஆதரவ்ஆக வாக்களித்தார் .
347,நம்பிக்கை வாக்கெடுப்பைத் தொடர்ந்து அவை தேதி குறிப்பிடாமல் ஒத்திவைக்கப்பட்டது .
348,காமன்வெல்த் மகளிர் பேட்மின்டன் ஒற்றையர் போட்டியில் இந்தியாவின் சாய்னா நேவல் தங்கப் பதக்கம் வென்றார் .
349,இன்று நடந்த இறுதிப் போட்டியில் மலேசியாவின் வாங் தோல்வியடைந்தார் .
350,"முதல் செட்டை 19-21 என்ற புள்ளிக்கணக்கில் இழந்த சாய்னா , அடுத்த இரண்டு செட்களைய்உம் 22-20 , 21-13 என்ற புள்ளிக் கணக்கில் கைப்பற்றினார் ."
351,இறுதியில் 2-1 என்ற செட் கணக்கில் சாய்னா வென்று தங்கப் பதக்கத்தைக் கைப்பற்றினார் .
352,வாங் வெள்ளிப் பதக்கம் பெற்றார் .
353,சாய்னா பெற்றுத் தந்த தங்கப்பதக்கத்துடன் சேர்த்து இந்தியா பெற்ற தங்கப் பதக்கங்களின் எண்ணிக்கை 38-ஆக உயர்ந்த்இருக்கிறது .
354,இதன் மூலம் காமன்வெல்த் பதக்கப்பட்டியலில் இந்தியா இரண்டாவது இடத்துக்கு முன்னேறியது .
355,37 தங்கப் பதக்கங்களைப் பெற்ற இங்கிலாந்து மூன்றாவது இடத்தில் இருக்கிறது .
356,இலங்கை அதிபர் ராஜபட்ச இந்தியா வருவதற்கு எதிர்ப்புத் தெரிவித்து கோவையில் இன்று போராட்டம் நடத்திய மதிமுக பொதுச் செயலர் வைகோ உள்ளிட்ட நூற்றுக்க்உம் மேற்பட்டோர் கைது செய்யப் பட்டனர் .
357,தில்லியில் இன்று நடைபெறும் காமன்வெல்த் போட்டி இறுதிநாள் நிகழ்ச்சியில் சிறப்பு விருந்தினர் ஆகக் கலந்து கொள்வதற்க்ஆக இலங்கை அதிபர் ராஜபட்ச அழைக்க ப்பட்ட் இருக்கிறார் .
358,"அவரது வருகைக்கு எதிர்ப்புத் தெரிவித்து மதிமுக , விடுதலைச் சிறுத்தைகள் , இந்து மக்கள் கட்சி , பெரியார் திராவிடர் கழகம் போன்ற கட்சிகள் தமிழகத்தின் பல இடங்களில் போராட்டங்களை நடத்தி வருகின்றன ."
359,கோவை தமிழ்நாடு ஹோட்டல் அருகே மதிமுக பொதுச்செயலர் வைகோ தலைமையில் நடந்த ஆர்ப்பாட்டத்தில் ராஜபட்சவின் உருவப் பொம்மைகள் எரிக்கப் பட்டன .
360,"இதையடுத்து , போராட்டத்தில் ஈடுபட்ட வைகோ உள்ளிட்ட நூற்றுக்க்உம் மேற்பட்டோரை போலீஸார் கைது செய்தனர் ."
361,"இதேபோல் கோவை காந்திநகர் பகுதியில் பெரியார் திராவிடர் கழகம் மற்றும் விடுதலைச் சிறுத்தைகள் கட்சியைச் சேர்ந்தவர்கள் ராஜபட்சவின் உருவப்பொம்மை , உருவப் படம் , இலங்கை தேசியக்கொடி போன்றவற்றை எரித்தனர் ."
362,இதையடுத்து அவர்களை போலீஸார் கைது செய்தனர் .
363,நம்பிக்கை வாக்கெடுப்பு நடத்துவதற்க்ஆக கூட்டப்பட்ட பேரவைக் கூட்டத்தை உயர்நீதிமன்றத் தீர்ப்பு வரும் வரை ஒத்திவைக்க வேண்டும் என்கிற காங்கிரஸின் கோரிக்கையை கர்நாடக பேரவைத் தலைவர் நிராகரித்தார் .
364,தகுதிநீக்கம் செய்யப்பட்ட 16 எமெலேக்களின் மனு மீது உயர்நீதிமன்றம் தீர்ப்பளிக்கும் வரை பேரவைக் கூட்டத்தை ஒத்திவைக்க வேண்டும் என எதிர்க்கட்சித் தலைவர் சித்தராமையா கோரிக்கை விடுத்தார் .
365,எனினும் ஆளுநர் உத்தரவுப்படி பேரவை கூட்டப்பட்ட்உள்ளதால் அதை ஒத்திவைக்க முடியாது என பேரவைத் தலைவர் போபய்யா தெரிவித்தார் .
366,பின்னர் எடியூரப்பா அரசு மீது நம்பிக்கை வாக்கு கோரும் ஒருவரித் தீர்மானம் கொண்டுவரப்பட்டு குரல் வாக்கெடுப்புக்கு விடப்பட்டது .
367,பொங்கல் பண்டிகையைய்ஒட்டி சென்னைய்இலிருந்து தென் மாவடங்களுக்குச் செல்லும் ரயில்களுக்க்ஆன டிக்கெட்டுகள் சில நிமிடங்களில்ஏயே விற்றுத் தீர்ந்தன .
368,பொங்கல் பண்டிகை வரும் ஜனவரி 15-ம் தேதி கொண்டாடப் படுகிறது .
369,இதையொட்டி அரசு விடுமுறை நாள்கள் வருகின்றன .
370,இதனால் சென்னையில் வசிக்கும் தென்மாவட்டங்களைச் சேர்ந்தவர்கள் ஜனவரி 12-ம் தேதியன்றே சொந்த ஊர்களுக்குச் செல்வதற்க்ஆக ரயில்களில் முன்பதிவு செய்யக் காத்திருந்தனர் .
371,ஜனவரி 12-ம் தேதிக்க்ஆன 90 நாள்களுக்கு முந்தைய முதல்நாள் முன்பதிவு இன்று காலை 8 மணிக்கு தொடங்கியது .
372,"முன்பதிவு தொடங்கியத்உம் நெல்லை , பொதிகை , பாண்டியன் , முத்துநகர் , அனந்தபுரி போன்ற எக்ஸ்பிரஸ் ரயில்களின் இரண்டாம் வகுப்பு படுக்கை வசதிக்க்ஆன டிக்கெட்டுகள் சில நிமிடங்களில் விற்றுத் தீர்ந்தன ."
373,சில ரயில்களில் ஏசி வகுப்புக்களுக்க்ஆன டிக்கெட்டுகள் குறைந்த எண்ணிக்கையில் முன்பதிவு செய்யப்படாமல் இருந்தன .
374,பொது வேலைநிறுத்தம் செய்ய சில தீவிரவாத குழுக்கள் அழைப்பு விடுத்ததன் காரணமாக மணிப்பூர் மாநிலத்தில் இயல்பு வாழ்க்கை பெரிதும் பாதிக்கப்பட்டது .
375,1949 அக்டோபர் 15-ல் இந்தியாவ்உடன் மணிப்பூர் இணைக்கப் பட்டதற்கு எதிர்ப்பு தெரிவித்து புரட்சிகர மக்கள் முன்னணி உள்ளிட்ட சில தீவிரவாத குழுக்கள் இந்த பொது வேலைநிறுத்தத்துக்கு அழைப்பு விடுத்த் இருந்தன .
376,இதனால் மணிப்பூர் மாநிலத்தில் போக்குவரத்து பெரிதும் பாதிக்கப்பட்டது .
377,போக்குவரத்து வசதிகள் இல்லாததால் அரசு அலுவலகங்களில்உம் வருகை குறைவாகவே இருந்தத்ஆக அதிகார வட்டாரங்கள் தெரிவித்தன .
378,"மேலும் மலைப்பிரதேசம் மற்றும் பள்ளத்தாக்கு மாவட்டங்களில் கடைகள் , வர்த்தக நிறுவனங்கள் மூடப்பட்ட்இருந்தன ."
379,எனினும் பொது வேலைநிறுத்தத்தைய்ஒட்டி வன்முறைச் சம்பவங்கள் எதுவும் நிகழ்ந்தத்ஆக தகவல் இல்லை .
380,மணிப்பூர் இந்தியாவ்உடன் இணைக்கப் பட்டதற்கு எதிர்ப்பு தெரிவித்து கடந்த 20 ஆண்டுகள்ஆக அக்டோபர் 15-ம் தேதி பொது வேலைநிறுத்தத்துக்கு தீவிரவாத குழுக்கள் அழைப்பு விடுத்து வருகின்றன .
381,மனித நேயத்துடன் பணியாற்ற வேண்டும் என்று டாக்டர்கள் மற்றும் செவிலியர்களுக்கு முதல்வர் கருணாநிதி வேண்டுகோள் விடுத்தார் .
382,"சென்னையில் கஸ்தூரிபா காந்தி தாய் சேய் நல மருத்துவமனையின் 125-ம் ஆண்டு விழா - சேப்பாக்கம் சட்டப் பேரவை உறுப்பினர் தொகுதி மேம்பாட்டு நிதிய்இலிருந்து கட்டப்பட்ட கட்டடங்களின் திறப்பு விழா - இதய நோய் மற்றும் மகளிர் கருப்பை வாய் , மார்பகப் புற்றுநோய்த் தடுப்புத் திட்டங்களை வியாழக்கிழமை தொடங்கி வைத்து முதல்வர் கருணாநிதி பேசியத்ஆவது : ."
383,சேப்பாக்கம் சட்டப் பேரவை உறுப்பினர்ஆன எனது தொகுதி மேம்பாட்டு நிதிய்இலிருந்து கட்டடங்கள் கட்டப்பட்ட்உள்ளன .
384,என்னுடைய சொந்தப் பணத்த்இலிருந்து கட்டப்படுவது அல்ல .
385,இந்தத் தொகுதிக்க்ஆக ஒதுக்கப்பட்ட்இருக்கின்ற நிதிய்இலிருந்து கட்டப்பட்டு இருக்கிறது .
386,இந்தியாவில் முதன்முதலில் தொகுதி மேம்பாட்டு நிதியை பொதுப் பணிகளுக்கு பயன்படுத்திக் கொள்ளல்ஆம் என்கிற அனுமதியை மத்திய அரசு ஏற்கெனவே நாடாளுமன்ற உறுப்பினர்களுக்கு வழங்கி இருந்தது .
387,"அதைப் பார்த்து , சட்டப் பேரவை தொகுதி நிதியைய்உம் ஏன் நல்ல பணிகளுக்கு ஒதுக்கக் கூடாது என்ற கேள்வி என் முன்னால் எழுந்தது ."
388,"இதனால் , சட்டப் பேரவையில் அதை அறிவித்து , அதை சட்டப் பேரவை உறுப்பினர்கள்உம் ஏற்றுக் கொண்டு , அந்த வகையில் இன்றைக்கு சட்டப் பேரவை உறுப்பினர் தொகுதி மேம்பாட்டுக்கு ஒதுக்கப்பட்ட்உள்ள தொகையை இது போன்ற நல்ல காரியத்துக்க்ஆகச் செலவழித்து இருக்கிறோம் ."
389,"இந்தியாவில் மத்திய அரசினுடைய பணத்தை அவர்கள் நாடாளுமன்ற தொகுதிகளுக்க்ஆக ஒதுக்குகின்ற பணம் ஏற்கெனவே ஆங்காங்கே நாடாளுமன்ற தொகுதிகளுக்க்ஆகச் செலவழிக்கப் படுகிற நிலைய்இருந்தால்உம்கூட , சட்டப் பேரவைத் தொகுதிகளுக்கு ஒதுக்கப் படுகிற பணத்தை - அந்தத் தொகுதி மேம்பாட்டுக்காகச் செலவழிக்க வேண்டும் என்று முதல் குரல் கொடுத்தது தமிழகத்தில் தான் ."
390,தமிழ்நாடு அரசு தான் அதைச் செய்தது .
391,முதலில் அது 25 லட்சமாக ஒதுக்கப்பட்டது .
392,"பிறகு , கொஞ்சம் கொஞ்சமாக அந்தத் தொகை உயர்த்தப்பட்டு இப்போது ஒரு கோடியே 75 லட்சம் அளவுக்கு அதிகரிக்கப்பட்ட்உள்ளது ."
393,"அந்தத் தொகையைப் பயன்படுத்திக் கொண்டு , நம்முடைய சட்டப் பேரவை உறுப்பினர்கள் தொகுதிப் பணிகளை ஆற்றிக் கொண்ட் இருக்கிறார்கள் ."
394,மருத்துவமனைகளுக்கு கட்டடங்கள் கட்டினால் மாத்திரம் பலனில்லை .
395,அங்கே இத்தனை மருத்துவர்கள் என்று கணக்கு காட்டினால் மாத்திரம் பயனில்லை .
396,"அந்தக் கட்டடங்களில் ஏய்இருந்து பணியாற்றுகிற மருத்துவர்கள் , அந்த மருத்துவர்களுக்கு உதவியாக இருக்கிற செவிலியர்கள் உள்ளிட்ட மற்ற மருத்துவத்துறை நண்பர்கள் அனைவரும் ஏத்ஓ ஒரு கடமை ஆற்றுகிறோம் என்று இல்லாமல் இந்தப் பணி நம்மை வந்து அடைந்த்இருக்கிறது ."
397,அந்தப் பணியை மனித நேய மனப்பான்மையோடு நாம் நிறைவேற்றுவோம் என்ற அந்த உணர்வைப் பெற்று மக்களைக் காப்பாற்ற வேண்டும் - மக்களுக்குப் பணியாற்ற வேண்டும் .
398,அரசுக்கு ஒத்துழைப்பு வேண்டாம் : .
399,"அரசுக்கு ஒத்துழைக்க வேண்டும் என மருத்துவர்கள் , செவிலியர்கள் உள்ளிட்ட மருத்துவப் பணியாளர்கள் யாரையும் கேட்கவ்இல்லை ."
400,"சாதாரண , சாமானிய ஏழையெளிய மக்களுக்கு மனசாட்சிக்கு விரோதம் இல்லாமல் , அனைவரும் பாடுபட வேண்டும் ."
401,"அனைத்துத் துறைகளைய்உம்விட , மருத்துவத் துறை தான் மனிதாபிமானத்தோடு உடன்பாடு கொண்ட துறையாகும் ."
402,"ஆகவே , அனைவரும் மனிதாபிமானத்தோடு , மனித நேயத்தோடு மருத்துவத் துறைப் பணியை ஆற்ற வேண்டும் என்று கேட்டுக் கொள்கிறேன் என முதல்வர் கருணாநிதி பேசினார் ."
403,"இந்த நிகழ்ச்சியில் , மத்திய சென்னை மக்களவைத் தொகுதி எம்.பி.ய்உம் , மத்திய அமைச்சர்உம்ஆன தயாநிதி மாறன் , மாநில அமைச்சர்கள் உள்ளிட்ட பலர்உம் கலந்து கொண்டனர் ."
404,"தனக்கு உடல் நிலை இடம் தரா விட்டால்உம் , அரசு நிகழ்ச்சியில் பங்கேற்க வந்த்உள்ளத்ஆக முதல்வர் கருணாநிதி தெரிவித்தார் ."
405,சென்னையில் வியாழக்கிழமை நடைபெற்ற கஸ்தூரிபா காந்தி தாய்சேய் நல மருத்துவமனையின் 125-ம் ஆண்டு விழாவில் பேசும் போது அவர் இதைக் கூறினார் .
406,அவர் பேசியத்ஆவது : .
407,"மருத்துவமனைக்கு வருகை தந்தத்உம் , அதற்கேற்ப உடல்நிலைய்உம் சரியில்லை ."
408,"உடல் நிலை சரியில்லாத காரணத்தால் , மருத்துவமனை விழாவுக்கு வரவ்இல்லை ."
409,பிறருடைய உடல்நிலை சரியாக இருக்க வேண்டுமென்ற காரணத்துக்க்ஆக அமைக்கப்பட்ட்இருக்கிற மருத்துவமனையின் திறப்பு விழா என்பதால் கலந்து கொண்ட்உள்ளேன் .
410,"மேலும் , இந்தத் தொகுதியின் ( சேப்பாக்கம் ) சட்டப் பேரவை உறுப்பினர் என்ற முறையில் நிகழ்ச்சியில் கலந்து கொள்வது எனது கடமை ."
411,"சட்டப் பேரவை உறுப்பினர் என்ற முறையில் முதல்வர் என்கிற நிலையில் அந்தக் கடமையை நிறைவேற்ற உடல்நிலை இடம் தரா விட்டால்உம் , இங்கே வந்த் இருக்கிறேன் என்று முதல்வர் கருணாநிதி தெரிவித்தார் ."
412,விஜயதசமியை முன்னிட்டு தமிழக மக்களுக்கு அதிமுக பொதுச்செயலர் ஜெயலலிதா வாழ்த்து தெரிவித்த்உள்ளார் .
413,"நவராத்திரி விழாவ்உம் , அதற்கு சிகரம் வைத்தாற் போல விஜயதசமி விழாவ்உம் தமிழ்நாடு முழுவதும் கோலாகலம் ஆகக் கொண்டாடப் படுகிறது ."
414,நவம் என்றால் ஒன்பது .
415,"நவராத்திரி நாட்களில் முதல் மூன்று நாட்கள் வெற்றி வேண்டி துர்கா தேவியைய்உம் , அடுத்த மூன்று நாட்கள் செல்வம் வேண்டி மகாலட்சுமியைய்உம் , கடைசி மூன்று நாட்கள் கல்வி வேண்டி சரஸ்வதி தேவியைய்உம் மக்கள் வழிபடுகிறார்கள் ."
416,மகிஷாசுரனை தேவியானவள் ஒன்பது நாட்கள் போரிட்டு வெற்றி வாகை சூடிய நாள்ஏ விஜயதசமி .
417,"கைவினை கலைஞர்களுக்கு பெருமை சேர்க்கும் விதம்ஆகஉம் , உழைப்பிற்க்உம் , தொழிலுக்க்உம் மதிப்பளிக்கும் விதம்ஆகஉம் இந்த நாட்கள் அமைந்து இருக்கின்றன ."
418,வெற்றித் திருநாளாம் விஜயதசமி அன்று தொடங்கும் அனைத்து நற்காரியங்கள்உம் வெற்றியில் முடிவடையும் என்பது அனைவரது நம்பிக்கை .
419,"இந்த நன்னாளில் , அனைவரும் எல்லா நலன்களைய்உம் , வளங்களைய்உம் பெற்று அமைதிய் உடன் வாழ்வதற்கு ஏற்ற வகையில் தமிழகத்தில் விரைவில் நல்லாட்சி மலர மக்கள் உறுதி எடுத்துக் கொள்ள வேண்டும் என்று தெரிவித்து , தமிழக மக்கள் அனைவருக்கும் மனமார்ந்த விஜயதசமி நல்வாழ்த்துகளை தெரிவித்துக் கொள்வத்ஆக ஜெயலலிதா தனது அறிக்கையில் குறிப்பிட்ட்உள்ளார் ."
420,தி.மு.க. அரசின் தொழிலாளர் விரோத நடவடிக்கைகளைக் கண்டித்து இடதுசாரிக் கட்சிகள் சார்பில் சென்னையில் அக்டோபர் 21-ம் தேதி ஆர்ப்பாட்டம் நடைபெறும் என அக்கட்சிகள் வெளியிட்ட்உள்ள கூட்டறிக்கையில் தெரிவிக்கப்பட்ட்உள்ளது .
421,இந்திய கம்யூனிஸ்ட் மற்றும் மார்க்சிஸ்ட் கட்சியின் மாநில நிர்வாகிகள் கூட்டம் சென்னையில் வியாழக்கிழமை நடைபெற்றது .
422,"இக்கூட்டத்தில் மார்க்சிஸ்ட் கட்சி மத்தியக் குழு உறுப்பினர் என். வரதராஜன் , மாநில செயற்குழு உறுப்பினர்கள் கே. பாலகிருஷ்ணன் , ப. செல்வசிங் , இந்திய கம்யூனிஸட் கட்சி தேசிய கட்டுப்பாட்டுக் குழுத் தலைவர் ஆர். நல்லகண்ணு , மாநில துணைச் செயலாளர் சி. மகேந்திரன் , மாநில செயற்குழு உறுப்பினர்கள் ஏ.எம். கோபு , எஸ்.எஸ். தியாகராஜன் , கே. சுப்பராயன் ஆகியோர் கலந்து கொண்டனர் ."
423,"என்.எல்.சி. நிறுவன ஒப்பந்தத் தொழிலாளர்கள்உம் , ஸ்ரீபெரும்புதூர் ஃபாக்ஸ்கான் நிறுவன தொழிலாளர்கள்உம் தங்கள் கோரிக்கைகளுக்க்ஆக வேலைநிறுத்தத்தில் ஈடுபட்ட்உள்ளனர் ."
424,"தொழிலாளர்கள்உடன் பேச்சுவார்த்தை நடத்தி , சுமூக தீர்வு காணப்படவ்இல்லை ."
425,"இப்பிரச்னையில் தி.மு.க. சார்பிலான தொ.மு.ச. தொழிற்சங்கத்த்உடன் சேர்ந்து , ஆலை நிர்வாகங்கள் தொழிலாளர்ளுக்கு எதிராக செயல்படுகின்றன ."
426,பிரச்னைக்கு தீர்வு காண தி.மு.க. அரசு எந்த நடவடிக்கைய்உம் எடுக்கவ்இல்லை .
427,பன்னாட்டு தொழில் நிறுவனங்களில் தொழிற்சங்க உரிமைகள் மறுக்கப் படுகின்றன .
428,தொழிலாளர்கள் பழிவாங்கப் படுகின்றனர் .
429,இதற்கு தமிழக அரச்உம் உடந்தைய்ஆக உள்ளது .
430,"மேலும் , டாஸ்மாக் பணியாளர்கள் , சத்துணவு ஊழியர்கள் போராடியபோது அவர்களை ஒடுக்க தமிழக அரசு காவல் துறையை ஏவியது ."
431,"எனவே , தமிழக அரசின் இத்தகைய நடவடிக்கைகளைக் கண்டித்து சென்னையில் அக்டோபர் 21-ம் தேதி இரு கம்யூனிஸ்ட் கட்சிகள் சார்பில் ஆர்ப்பாட்டம் நடைபெறும் ."
432,"இந்திய கம்யூனிஸ்ட் மாநிலச் செயலாளர் தா. பாண்டியன் , மார்க்சிஸ்ட் கட்சி மாநிலச் செயலாளர் ஜி. ராமகிருஷ்ணன் ஆகியோர் தலைமையில் இந்த ஆர்ப்பாட்டம் நடைபெறும் என்று அந்த அறிக்கையில் தெரிவிக்கப்பட்ட்உள்ளது ."
433,அமெரிக்க அதிபர் ஒபாமாவின் இந்தியப் பயணம் மிகுந்த எதிர்பார்ப்பை ஏற்படுத்திய்உள்ளது .
434,இரு நாடுகள் இடையில்ஆன உறவில் ஒபாமாவின் பயணம் புதிய அத்தியாயமாக இருக்கும் என்று அமெரிக்காவுக்க்ஆன இந்திய தூதர் மீரா சங்கர் தெரிவித்தார் .
435,"ஜார்ஜ் வாஷிங்டன் பல்கலைக் கழக மாணவர்கள் இடம் பேசிய அவர் , ஒபாமாவின் இந்தியப் பயணம் இரு நாடுகள் இடையில்ஆன உறவை மேலும் வலுப்படுத்துவத்ஓடு , அனைத்துத் துறைகளில்உம் இணைந்து செயல்படுவதற்க்ஆன வாய்ப்புகளைப் பிரகாசப்படுத்திய்உள்ளது ."
436,இரு நாடுகளின் நலன் மட்டுமின்றி சர்வதேச அளவில் பயன்பெறும் வகையில் ஒபாமாவின் இந்தியப் பயணம் அமையும் .
437,இரு நாடுகளில் நிலவும் உறுதியான அரசியல் சூழல் இதற்கு உறுதுணைய்ஆக உள்ளது .
438,"பொதுவாக இரு நாடுகள்உம் பயனடையும் விஷயங்களில் கவனம் செலுத்துவத்ஓடு , புதிதாக உருவெடுக்கும் சர்வதேச அச்சுறுத்தல் மற்றும் சவால்களை சேர்ந்து சமாளிப்பது குறித்த்உம் உத்திகள் வகுக்க ப்படும் ."
439,எதிர்காலத்தில் சேர்ந்து செயல்படும் துறைகளைக் கண்டறிந்து அதற்குரிய உத்திகளை வகுக்கவ்உம் இந்தப் பயணம் உதவிகரமாக அமையும் .
440,ஆப்கானிஸ்தான் மற்றும் பாகிஸ்தான்குறித்து அமெரிக்காவ்உம் இந்தியாவ்உம் தொடர்ந்து கருத்துகளைப் பரிமாறிக் கொண்டு வருகிறது .
441,"இதுதவிர , தெற்காசிய பிராந்தியத்தில் ஏற்படும் நிகழ்வுகள் குறித்த பரிமாற்றம்உம் அவ்வப்போது மேற்கொள்ளப் படுகிறது ."
442,கிழக்கு ஆசியா குறித்த பேச்சுவார்த்தை நடத்த முடிவு செய்யப்பட்ட்உள்ளது .
443,"இதன் மூலம் ஆசியான் நாடுகள் இடையே பொருளாதாரம் மற்றும் பாதுகாப்பு கட்டமைப்புகள்குறித்து தகவல் பரிமாறவ்உம் , அதை வலுப்படுத்துவது Kஉறித்த்உம் ஆராய ப்படும் ."
444,இரு நாடுஉம் இணைந்து ஆப்பிரிக்காவை மேம்படுத்துவது Kஉறித்த்உம் விரிவாக பேச ப்படும் .
445,இரு நாடுகள் மட்டுமே சார்ந்த விஷயங்கள் அல்லாது சர்வதேச சமூகத்தை காக்கும் பணிகளில் இணைந்து செயல்படுவதுகுறித்து ஆராயப்படும் .
446,"குறிப்பாக கடல் பாதுகாப்பு , அதிகரித்து வரும் இணையதள மோசடி , குற்றங்களை தடுப்பது Kஉறித்த்உம் இரு நாடுகள்உம் விவாதிக்கும் ."
447,"இந்தியா , அமெரிக்கா இடையில்ஆன உறவின் புதிய பரிமாணம்ஆக ஆக்க பணிகளில் அணு சக்தியை பயன்படுத்துவதற்க்ஆன ஒப்பந்தம் கையெழுத்தாகிய்உள்ளது ."
448,இரு நாடுகள் இடையில்ஆன கூட்டு முயற்சியில் இதுவரை அணுசக்தித் துறையில்ஆன ஒத்துழைப்பு இல்லாமல் இருந்தது .
449,அணுசக்தி ஒப்பந்தம் கையெழுத்த் ஆனதால் அத்துறையில்உம் இனி இரு நாடுகள்உம் கூட்டாக ஈடுபடும் வாய்ப்பு பிரகாசமடைந்த்உள்ளது .
450,அமெரிக்க நிறுவனங்கள்உடன் இணைந்து அணு மின் நிலையங்களுக்குத் தேவைய்ஆன அணு உலைகளைத் தயாரிப்பதற்க்ஆன வர்த்தக ரீதியில்ஆன பேச்சுவார்த்தை விரைவில் தொடங்கும் .
451,இதேபோல இந்திய விண்வெளி ஆய்வில் அமெரிக்காவ்உடன்ஆன கூட்டு புதிய அத்தியாயத்தை ஏற்படுத்த உதவும் .
452,"நீராதாரம் , பருவ நிலை நிலவரம் , வானியல் ஆய்வு , விமான சேவை உள்ளிட்டவற்றில் இணைந்து செயல்படுவதற்க்ஆன வாய்ப்பு அதிகரித்த்உள்ளது ."
453,மேலும் ஐக்கிய நாடுகள் பாதுகாப்புக் கவுன்சிலில் நிரந்தர உறுப்பினர் இடத்தைப் பிடிக்க இந்தியாவுக்கு அமெரிக்கா உதவும் .
454,இதற்காக பாதுகாப்புக் கவுன்சில் விரிவாக்க நடவடிக்கையை அமெரிக்கா ஏற்கும் என நம்புவத்ஆக மீரா சங்கர் கூறினார் .
455,2008-ம் ஆண்டு ஏற்பட்ட சர்வதேச பொருளாதார நெருக்கடியைத் தொடர்ந்து சர்வதேச நிதி அமைப்புகள்ஆன உலக வங்கி மற்றும் அன்னியச் செலாவணி நிதியம் ( ஐஎமெப் ) உள்ளிட்டவற்றில் நிதிச் சீர்திருத்தம் செய்ய வேண்டும் என்ற இந்தியாவின் கோரிக்கை ஏற்கப்பட்ட்உள்ளது .
456,இது தொடர்பான ஆலோசனைகளைய்உம் இந்தியா வழங்கி வருகிறது .
457,100 கோடிக்க்உம் அதிகமான மக்கள் தொகை கொண்ட இந்தியாவில் பொருளாதார வளர்ச்சி ஏற்பட்ட்உள்ளது .
458,சர்வதேச அளவில் தமக்க்உள்ள பொறுப்பை செயல்படுத்துவதில் அமெரிக்காவ்உடன் இணைந்து பணியாற்ற இந்தியா ஆர்வம்ஆக உள்ளது என்றார் மீரா சங்கர் .
459,பாஜகவ்உடன் கூட்டணி வைத்துக் கொண்டு மதச்சார்பின்மைகுறித்து பிகார் முதல்வர் நிதீஷ் குமார் எப்படி பேச முடியும் என்று கேள்வி எழுப்பி உள்ளார் காங்கிரஸ் பொதுச் செயலாளர் ராகுல் காந்தி .
460,அவரது மதச்சார்பின்மை நம்பகத்தன்மைக்கு உகந்தத்ஆக இல்லை என்ற்உம் அவர் கூறினார் .
461,பிகார் சட்டப்பேரவைத் தேர்தலைய்ஒட்டி கோதா மற்றும் சிக்தி ஆகிய இடங்களில் வியாழக்கிழமை நடைபெற்ற தேர்தல் பிரசாரத்தில் பேசும் போது அவர் இவ்வாறு கூறினார் .
462,பாஜகவ்உடன் கூட்டணி வைத்த்இருக்கிறீர்கள் .
463,ஒரு தலைவர் ( மோடி ) இங்கு வந்து பிரசாரம் செய்து விடக் கூடாது என்று அஞ்சுகிறீர்கள் .
464,பின்னர் எப்படி உங்கள் மதச்சார்பின்மையை நம்புவது என்று அவர் கேள்வி எழுப்பினார் .
465,பிகாரில் வகுப்புவாத அரசியலுக்கு முற்றுப்புள்ளி வைக்க காங்கிரஸ் விரும்புகிறது .
466,"ஆளும் ஐக்கிய ஜனதாதளம் - பாஜக கூட்டணிய்ஆனால்உம் சரி அல்லது ராஷ்ட்ரீய ஜனதாதளம் - லோக் ஜனசக்தி கூட்டணிய்ஆனால்உம் சரி இவை இரண்ட்உம்ஏ மத , ஜாதி அரசியலை முன்னிறுத்தி அரசியல் லாபம் அடைய முயல்கின்றன ."
467,"ஆனால் நாங்கள் ( காங்கிரஸ் ) மத , ஜாதி அரசியலை கடுமையாக எதிர்க்கிறோம் ."
468,நாங்கள் சமூக நீதியைய்உம் சமதர்மத்தைய்உம் சமமான வளர்ச்சியைய்உம் முன்னிறுத்தி பிரசாரம் செய்கிறோம் .
469,"ஏழை , பணக்காரர் , ஹிந்து , முஸ்லிம் , சீக்கியர் , கிறிஸ்தவர் என எல்லோருக்க்ஆகவ்உம் பாடுபடும் கட்சி காங்கிரஸ் ."
470,இவர்களுக்க்ஆன கட்சி என்று காங்கிரசுக்கு முத்திரை குத்த முடியாது என்றார் ராகுல் .
471,அதனால் தான் பிகாரில் அனைத்துத் தொகுதிகளில்உம் தனித்துப் போட்டியிடுகிறோம் .
472,தனித்துப் போட்டியிடுவது தொடக்கத்தில் சிரமமானது என்று எனக்குத் தெரியும் .
473,ஆனால் தொடர்ந்து போராடுவோம் .
474,வளர்ச்சிக்க்ஆக போராடுவோம் .
475,இளைஞர்கள் பங்கு பெறும் அரசை அமைக்க தொடர்ந்து போராடுவோம் என்றார் அவர் .
476,தேசிய ஊரக வேலை வாய்ப்பு உறுதித் திட்டம் போன்ற சிறந்த மத்திய திட்டங்கள் பிகாரில் ஊழல் காரணம்ஆக சிறப்பாக அமல்படுத்தப் படவ்இல்லை என்று அவர் குற்றம்சாட்டினார் .
477,பல்வேறு மத்திய திட்டங்களுக்க்ஆக 1 லட்சம் கோடி பிகாருக்கு அளிக்கப் படுகிறது .
478,"ஆனால் துரதிருஷ்டவசமாக இந்த நிதி ஏழைகளை , தேவையுள்ளோரை போய் சென்றடையவ்இல்லை என்றார் அவர் ."
479,தேசிய ஜனநாயகக் கூட்டணி ஆட்சியை ஒப்பிடும் போது காங்கிரஸ் கட்சி பிகார் மாநில வளர்ச்சிக்கு அதிகம் செய்த்உள்ளது .
480,பிகார்இலிருந்து ஏராளமான இளைஞர்கள் வேலை தேடி வெளி மாநிலங்களுக்கு குடிபெயர்ந்து வருகின்றனர் .
481,மத்திய திட்டங்கள் முறையாக அமல்படுத்தப் பட்டால் பிகார்இலிருந்து இளைஞர்கள் குடிபெயர்வது தடுக்கப் படும் என்றார் ராகுல் .
482,உத்தரப் பிரதேசத்தில் காங்கிரஸ் கட்சியைப் பலப்படுத்த நான் எடுத்த முயற்சிகளுக்கு பலன் கிடைக்காது என்று என்ன் இடம் பலர் தெரிவித்தனர் .
483,ஆனால் நான் நம்பிக்கையோடு கட்சியை பலப்படுத்துவதற்க்ஆன நடவடிக்கைகளை மேற்கொண்டேன் .
484,அதற்கு கடந்த சட்டப்பேரவைத் தேர்தலில் பலன்கிட்டியது .
485,கட்சி வெற்றி பெற்றத்ஓடு ஆட்சியில் உள்ள கட்சிக்கு ஒரு மாற்றுக் கட்சியாக வளர்ந்த்உள்ளது .
486,அதுபோன்று பிகாரில்உம் காங்கிரஸ் வெற்றி பெறும் என்ற நம்பிக்கை எனக்கு உள்ளது .
487,மக்கள் காங்கிரஸ் கட்சி மீது மிகுந்த நம்பிக்கை வைத்த்உள்ளனர் .
488,பிகாரில் கடந்த 20 ஆண்டுகள்ஆக தேங்கிக் கிடக்கும் வளர்ச்சியை மீண்டும் ஏற்படுத்த காங்கிரஸ் எல்லா முயற்சிகளை மேற்கொள்ளும் என்றார் .
489,ஐ.பி.எல். அமைப்பின் முன்னாள் ஆணையர் லலித் மோடி உள்ளிட்ட 7 பேர் மீது 5 பிரிவுகளின் கீழ் சென்னை மாநகரப் போலீஸார் வழக்குப் பதிவு செய்த்உள்ளனர் .
490,20 ஓவர் கிரிக்கெட் போட்டிகள் நடத்துவதற்க்ஆக ஏற்படுத்தப்பட்ட ஐபிஎல் அமைப்பின் ஆணையர்ஆக இருந்தவர் லலித் மோடி .
491,இவர் 2009 ஜனவரி முதல் 2010 ஜூன் மாதம் வரை பதவியில் இருந்த போது பல்வேறு மோசடிகள் செய்தத்ஆக புகார் எழுந்தன .
492,"இது தொடர்பாக இந்திய கிரிக்கெட் கட்டுப்பாட்டு வாரியத்தின் கௌரவ செயலாளர் என். சீனிவாசன் , சென்னை மாநகர போலீஸ் கமிஷனர் டி. ராஜேந்திரனை புதன்கிழமை நேரில் சந்தித்து புகார் மனு ஒன்றை அளித்தார் ."
493,"அதில் , ஐபிஎல் கிரிக்கெட் போட்டிகளின் போது , ஊடக உரிமைகள் வழங்கியது , விளம்பரங்கள் ஒளிபரப்ப நேரம் ஒதுக்கியது , பாதுகாப்பு ஏற்பாடுகள் செய்தது ஆகியவற்றில் லலித் மோடி குறிப்பிட்ட சிலருக்கு ஆதரவ்ஆக செயல்பட்டு மோசடி செய்தத்ஆக குறிப்பிடப்பட்ட்இருந்தது ."
494,இதன் மூலம் ரூ. 470 கோடிக்கு மோசடி நடைபெற்ற் உள்ளத்ஆகவ்உம் அந்த புகாரில் தெரிவிக்கப்பட்ட்இருந்தது .
495,"இந்த வழக்கை , மாநகர மத்திய குற்றப் பிரிவுக்கு மாற்றி கமிஷனர் ராஜேந்திரன் புதன்கிழமை உத்தரவிட்டார் ."
496,"இதையடுத்து , புகார் மனுவில் குறிப்பிடப்பட்ட்உள்ள விவரங்கள் மற்றும் ஆவணங்களை அடிப்படைய்ஆகக் கொண்டு , இந்திய குற்றவியல் சட்டத்தின் 409 , 420 , 468 , 477 (ஏ ) , 120 ( பி ) ஆகிய பிரிவுகளின் கீழ் , லலித் மோடி , வேணு நாயர் , ஆண்ரூ ஜார்ஜியோ , சீமஸ் ஓபிரயன் , ஹரீஷ் கிருஷ்ணமாச்சாரி , அஜய் வர்மா ஆகியோர் மீது மாநகர மத்திய குற்றப் பிரிவு போலீஸார் வழக்குப் பதிவு செய்து விசாரணையை தொடங்கிய்உள்ளனர் ."
497,மத்திய குற்றப் பிரிவு ஏடிஎஸ்பி வெங்கடேஸ்வரன் இதற்கான விசாரணை அதிகாரியாக நியமிக்கப்பட்ட்உள்ளார் .
498,இந்தியப் பயணத்தின் போது அமெரிக்க அதிபர் பராக் ஒபாமா பாகிஸ்தானுக்கு செல்ல மாட்டார் என்று தெரிய வந்த்உள்ளது .
499,இந்தியாவுக்கு அடுத்த மாதம் முதல் வாரத்தில் ஒபாமா செல்லவ்உள்ளார் இதற்கான பாதுகாப்பு ஏற்பாடுகளை அமெரிக்க அதிகாரிகள் செய்து வருகின்றனர் .
500,அவர் எந்தத் தேதியில் இந்தியாவுக்குச் செல்கிறார் என்பது இதுவரை உறுதி செய்யப்படவ்இல்லை .
501,அநேகமாக அவர் நவம்பர் 6-ம் தேதி இந்தியா செல்லல்ஆம் என்று எதிர்பார்க்கப் படுகிறது .
502,இந்தப் பயணத்தின் போது அவர் பாகிஸ்தானுக்குச் செல்ல மாட்டார் என்று வெள்ளை மாளிகை செய்திக்குறிப்பு தெரிவிக்கிறது .
503,"அடுத்த ஆண்டு அவர் பாகிஸ்தானுக்குச் செல்வார் என்ற்உம் , பாகிஸ்தான் அதிபர் ஆசிப் அலி ஜர்தாரியை வாஷிங்டன் வரும் ஆறு அவர் அழைத்த்உள்ளார் என்ற்உம் அந்தச் செய்திக்குறிப்பு தெரிவிக்கிறது ."
504,"கேரள முன்னாள் முதல்வர்உம் , காங்கிரஸ் மூத்த தலைவர்உம்ஆன கருணாகரன் காய்ச்சல் காரணம்ஆக மருத்துவமனையில் அனுமதிக்கப்பட்ட்உள்ளத்ஆக அவரது குடும்ப வட்டாரங்கள் தெரிவித்தன ."
505,93 வயத்ஆன கருணாகரனின் உடல்நிலை சீராக உள்ளது .
506,காய்ச்சல் மற்றும் சுவாசப் பிரச்னையால் அவர் அவதிப்பட்டு வருவத்ஆக மருத்துவமனை வட்டாரங்கள் தெரிவித்தன .
507,"அரசு ரப்பர் கழகம் , தேயிலை தோட்டக் கழகம் மற்றும் வனத்தோட்டக் கழகப் பணியாளர்களுக்கு 2009-2010ஆம் ஆண்டிற்க்ஆன போனஸ் வழங்க முதல்வர் உத்தரவிட்ட்உள்ளார் ."
508,"அரசு ரப்பர் கழகத் தோட்டத் தொழிலாளர்கள் 2 ஆயிரத்து 886 பேருக்க்உம் , தேயிலை தோட்டக் கழகத் தொழிலாளர்கள் 9 ஆயிரத்து 275 பேருக்க்உம் 20 சதவீத போனஸ் வழங்கிடவ்உம் ; அதுபோலவே , அரசு ரப்பர் கழகப் பணியாளர்கள் 118 பேருக்க்உம் , தேயிலை தோட்டப் பணியாளர்கள் 313 பேருக்க்உம் , வனத்தோட்டக் கழகப் பணியாளர்கள் 359 பேருக்க்உம் 20 சதவீத போனஸ் வழங்கவ்உம் முதல்வர் உத்தரவிட்ட்உள்ளார் ."
509,"இதன் காரணம்ஆக , அரசு ரப்பர் கழகம் , தேயிலை தோட்டக் கழகம் , வனத்தோட்டக் கழகம் ஆகிய மூன்று அமைப்புகளைய்உம் சேர்ந்த 12 ஆயிரத்து 951 தொழிலாளர்கள் மற்றும் பணியாளர்களுக்கு ரூ. 6 கோடியே 96 லட்சத்து 30 ஆயிரம் 2009-2010 ஆம் ஆண்டுக்க்உரிய போனஸ்ஆக வழங்க ப்படும் என தமிழக அரசு தெரிவித்த்உள்ளது ."
510,"அமெரிக்க அதிபர் ஒபாமா மும்பை மற்றும் தில்லிக்கு அடுத்த மாதம் வரவிருப்பத்ஆகத் தெரிவித்த வெள்ளை மாளிகை , அவரது பயண அட்டவணை இதுவரை இறுதிசெய்யப் படவ்இல்லை எனக் கூறிய்உள்ளது ."
511,இந்திய பயணத்தின் போது ஒபாமா பொற்கோயிலுக்கு செல்லும் திட்டம் ரத்து செய்யப்பட்டு விட்டத் ஆகக் கூறப்படுவதுகுறித்து வெள்ளை மாளிகை ஊடகச் செயலர் ராபர்ட் கிப்ஸ் இடம் செய்தியாளர்கள் கேட்டனர் .
512,அவரது பயணத்திட்டம் இதுவரை இறுதி செய்யப் படவ்இல்லை எனத் தெரிவித்தார் .
513,இந்தியா உள்ளிட்ட ஆசிய நாடுகளுக்க்ஆன ஒபாமாவின் சுற்றுப்பயண அட்டவணை அடுத்த வாரம் இறுதி செய்யப்பட்டு விடும் என்றார் அவர் .
514,இந்தியாவில் மலேரியா நோய் காரணம்ஆக ஆண்டுக்கு ஏறக்குறைய 2 லட்சம் பேர் உயிரிழப்பத்ஆக மருத்துவ இதழ்ஆன லான்செட் நடத்திய ஆய்வில் தெரியவந்த்உள்ளது .
515,உலக சுகாதார அமைப்பு இந்தியாவில் மலேரியா நோயால் ஆண்டுக்கு 15 ஆயிரம் பேர் உயிரிழப்பத்ஆக தெரிவித்த் இருந்தது .
516,ஆனால் லான்செட் இதழ் ஆண்டுக்கு 80 ஆயிரம் குழந்தைகள் உட்பட 2 லட்சம் பேர் உயிரிழப்பத்ஆகத் தெரிவித்த்உள்ளது .
517,90 சதவீத உயிரிழப்புகள் ஊரகப் பகுதிகளில் ஏற்படுகின்றன .
518,எந்த விதமான மருத்துவ சிகிச்சைய்உம் அளிக்காததால் 86 சதவீத உயிரிழப்புகள் வீட்டில்ஏயே நிகழ்வத்ஆக லான்செட் தெரிவிக்கிறது .
519,2002 முதல் 6 ஆயிரத்து 671 பகுதிகளில் இந்த ஆய்வு நடத்தப்பட்ட்உள்ளது .
520,மலேரியாவுக்கு ஒரிசாவில் தான் அதிக அளவிலான உயிரிழப்புகள் ஏற்படுகின்றன .
521,அங்கு மட்டும் ஆண்டுக்கு 50 ஆயிரம் பேர் உயிரிழக்கின்றனர் .
522,"அதற்கு அடுத்ததாக சத்தீஸ்கர் , ஜார்கண்ட் , அசாம் மாநிலங்களில் அதிக உயிரிழப்புகள் ஏற்படுவத்ஆக லான்செட் ஆய்வு முடிவில் தெரிவிக்கப்பட்ட்உள்ளது ."
523,நொய்டாவில் எச்சிஎல் ( HCள் ) நிறுவனத்தில் பணியாற்றி வந்த 35 வயது சாஃப்ட்வேர் எஞினியர் ஒருவர் புதன்கிழமை இரவு தூக்கிட்டு தற்கொலை செய்து கொண்டத்ஆக போலீசார் தெரிவித்தனர் .
524,ஹைதராபாதைச் சேர்ந்த எஞினியர் ரத்தன்குமார் நொய்டாவில் கடந்த 5 மாதங்கள்ஆக வசித்து வந்தார் .
525,வழக்கம்போல் அலுவலகத்தில் இருந்து மாலையில் வீட்டுக்கு வந்த அவர் நள்ளிரவு வரை கணிப்பொறியில் இணையதளங்களில் உலா வந்த்உள்ளார் .
526,பின்னர் அறைக்க்உள் சென்று தூக்கிட்டு தற்கொலை செய்து கொண்டத்ஆக காவல்நிலைய அதிகாரி பிரதாப் சிங் தெரிவித்தார் .
527,அவர் தற்கொலை செய்து கொண்ட போது வீட்டில் யாரும் இருக்கவ்இல்லை .
528,"அவரது மனைவி , அவர்களது மகள்உடன் பெற்றோர் வீட்டிற்கு சென்ற் இருந்தார் ."
529,தற்கொலை செய்து கொண்டதற்க்ஆன காரணம் எதுவும் அவர் எழுதிவைக்கவ்இல்லை .
530,இதுகுறித்து விசாரித்து வருகிறோம் என பிரதாப் சிங் தெரிவித்தார் .
531,"கணவன் - மனைவி போல சேர்ந்து வாழ்ந்தோம் என்று கூறி , அதற்காக ஜீவனாம்சம் கோரி வழக்கு தொடுக்க முடியாது என்று உச்ச நீதிமன்றம் வியாழக்கிழமை தீர்ப்பளித்தது ."
532,"தமிழ்நாட்டின் கோயமுத்தூரைச் சேர்ந்த டி. பச்சையம்மாள் என்பவர் டி. வேலுசாமி என்பவர்உடன் கணவன் - மனைவி போல வாழ்ந்தத்ஆகவ்உம் , வேலுசாமி இப்போது தன்னைப் புறக்கணிப்பதால் தனக்கு மாதம்தோறும் ஜீவனாம்சம் தரும் ஆறு அவருக்கு உத்தரவிட வேண்டும் என்ற்உம் வழக்கு தொடுத்தார் ."
533,"உச்ச நீதிமன்ற நீதிபதிகள் மார்க்கண்டேய கட்ஜு , டி.எஸ். தாக்கூர் அடங்கிய பெஞ்ச் மனுவை விசாரித்தது ."
534,வீட்டுக்க்உள் நடக்கும் கொடுமைகள்இலிருந்து பெண்களை அதில்உம் குறிப்பாக வீட்டு வேலை செய்யும் பெண்களைப் பாதுகாக்கும் 2005-வது சட்டத்தின் அடிப்படையில் பச்சையம்மாள் வழக்கு தொடுத்த்இருந்தார் .
535,பச்சையம்மாள் தனக்கு மனைவி அல்ல என்ற்உம் லட்சுமி என்பவர்ஏ தன்னுடைய மனைவி என்ற்உம் எதிர் வழக்காடிய வேலுசாமி வாதாடினார் .
536,"வார விடுமுறைகளில் சேர்ந்து வாழ்வத்ஓ , வாரத்துக்கு ஒரு நாள் ஒரே வீட்டில் தங்கியிருப்பத்ஓ , கணவன் - மனைவிக்கு இடையில்ஆன தாம்பத்ய உறவுக்கு ஈடாகக் கருதப்படமாட்டாது என்று கூறிய நீதிபதிகள் , கணவன் இடமிருந்து ஜீவனாம்சம் கோரும் மனைவியர் 4 அம்சங்களைப் பூர்த்தி செய்தவர்கள்ஆக இருக்க வேண்டும் என்றனர் ."
537,1. ஒரு ஆண்உம் பெண்ண்உம் வாழ்க்கைத் துணைவர்கள் என்று சமூகம் ஏற்க வேண்டும் .
538,2. இருவர்உம் திருமண வயதை எட்டியிருக்க வேண்டும் .
539,3. இருவர்உம் திருமணம் செய்து கொள்வதற்க் ஏற்ற தகுதிகள்உடன் இருக்க வேண்டும் .
540,4. இருவரும் விருப்பப்பட்ட்ஏ சில காலம் ஒன்றாகத் தங்கியிருக்க வேண்டும் ; .
541,"அதன் மூலம் அவர்களை கணவன் , மனைவியர்ஆக சமூகம் அங்கீகரிக்க வேண்டும் ."
542,இந்த நால்உம் இல்லாமல் ஒரு ஆடவனின் அழைப்பை ஏற்று அவர்உடன் கூடி வாழ்ந்தோம் என்று கூறுவதைய்எல்லாம் ஏற்று அவர்களுக்கு ஜீவனாம்சம் தர உத்தரவிட முடியாது என்று நீதிபதிகள் உறுதிபடத் தெரிவித்தனர் .
543,இந்த வழக்கில் வேலுசாமி கூறுகிறார் போல அவருக்கு லட்சுமி என்ற முதல் மனைவி இருந்தார் ஆ என்ற்உம் விசாரிக்கும் ஆறு நீதிபதிகள் உத்தரவிட்டனர் .
544,இந்தியா வகுத்த்உள்ள அணுசக்தி இழப்பீட்டு மசோதா சர்வதேச அளவில் வகுக்கப்பட்ட்உள்ள விதிமுறைகள்இலிருந்து சற்று மாறுபட்ட்உள்ளது .
545,இந்த மாறுபாடுகளை இந்தியா உடனடியாக சரி செய்ய வேண்டும் என்று இந்திய-அமெரிக்க உறவு மேம்பாடு குறித்த அறிக்கையில் குறிப்பிடப்பட்ட்உள்ளது .
546,அணு மின் நிலையங்களுக்குத் தேவைய்ஆன உபகரணங்களை அளிக்கும் நிறுவனங்கள் தான் அணு உலைகளில் விபத்து ஏற்பட்டால் பொறுப்பாக வேண்டும் .
547,இந்த நிபந்தனை 80 ஆண்டுகளுக்குப் பொருந்தும் என்று இந்திய நாடாளுமன்றத்தில் நிறைவேற்றப்பட்ட இழப்பீட்டு மசோதாவில் குறிப்பிடப்பட்ட்உள்ளது .
548,இது சர்வதேச விதிமுறைகளைக் காட்டிலும் முற்றிலும் மாறுபட்ட்உள்ளது .
549,எனவே சர்வதேச விதிமுறைகள் படி இந்தியா மாற்றம் செய்ய வேண்டும் என்று அந்த அறிக்கை தெரிவித்த்உள்ளது .
550,அமெரிக்காவின் முன்னாள் அரசியல் விவகாரத்துறை இணையமைச்சர் நிகோலஸ் பர்ன்ஸ் மற்றும் முன்னாள் வெளியுறவுத்துறை துணையமைச்சர் ரிச்சர் ஆர்மிடேஜ் மற்றும் பேராசிரியர் ரிச்சர்ட் ஃபோன்டெய்ன் ஆகியோர் சேர்ந்து தயாரித்த அறிக்கையில் இத்தகவல் வெளியாகிய்உள்ளது .
551,"இந்தியா-அமெரிக்கா இடையில்ஆன அணுசக்தி ஒப்பந்தம் Kஉறித்த்உம் , இந்த ஒப்பந்தத்தால் இரு நாடுகள் இடையில்ஆன உறவு எந்த அளவுக்கு மேம்படும் என்பது Kஉறித்த்உம் அறிக்கை தயாரித்த்உள்ளனர் ."
552,இரு நாடுகள் இடையில்ஆன ஒப்பந்தத்தை சரிவர நிறைவேற்றா விடில் அதனால் இரு நாடுகள் இடையில்ஆன உறவு கடுமையாக பாதிக்க ப்படும் .
553,"இதனால் அமெரிக்காவ்உம் , இந்தியாவ்உம் அணு சக்தி ஒப்பந்தத்தில் சர்வதேச அளவில் வகுக்கப்பட்ட்உள்ள நடைமுறைகளை சரிவர பின்பற்ற வேண்டும் என்ற்உம் அறிக்கையில் குறிப்பிடப்பட்ட்உள்ளது ."
554,"சமீபத்தில் இந்திய நாடாளுமன்றத்தில் நிறைவேற்றப்பட்ட அணு விபத்து இழப்பீட்டு மசோதா , சர்வதேச தரத்த்இலிருந்து அதிகமாக மாறுபடுகிறது ."
555,"அணு உலைகளுக்கு உதிரி பாகங்களை சப்ளை செய்யும் நிறுவனங்கள் தான் விபத்து ஏற்பட்டால் பொறுப்பேற்க வேண்டும் என்ற்உம் , இது 80 ஆண்டுகளுக்குப் பொருந்தும் என்ற்உம் தெரிவித்த்உள்ளது ."
556,இது அமெரிக்க நிறுவனங்களை மிகுந்த ஏமாற்றத்துக்குள்ளாக்கிய்உள்ளது .
557,எனவே இந்தப் பிரச்னையைத் தீர்க்க இந்தியா உடனடியாக நடவடிக்கை எடுக்க வேண்டும் .
558,"இதை நிறைவேற்றா விட்டால் இரு நாடுகள் இடையே மேற்கொள்ளப்பட்ட மிக முக்கியமான ஒப்பந்தம் செயல்படாமல் போவத்ஓடு , அரசியல் ரீதியில் இரு நாடுகள் இடையே பெரும் விரிசல் ஏற்படுவதற்க்ஆன வாய்ப்பு உள்ளது என்ற்உம் அறிக்கையில் தெரிவிக்கப்பட்ட்உள்ளது ."
559,அணு விபத்து இழப்பீடு மசோதாவில் மாற்றங்கள் செய்து எஞ்சிய பிற அணு ஆயுத பரவல் நிபந்தனைகளைய்உம் இந்தியா நிறைவேற்றினால் அது இந்தியாவுக்கு வரலாற்று ரீதியில் மிகப் பெரிய சாதனையாக இருக்கும் என்ற்உம் குறிப்பிடப்பட்ட்உள்ளது .
560,"அமெரிக்காவின் முன்னாள் அதிபர் ஜார்ஜ் புஷ் அமைச்சரவையில் மிக முக்கியமானவர்களில் ஒருவர்ஆன நிகோலஸ் பர்ன்ஸ் , இரு நாடுகள் இடையில்ஆன அணு சக்தி ஒப்பந்தம் கையெழுத்தாவதில் மிகுந்த தீவிரம் காட்டினார் ."
561,"இந்தியா கொண்டு வந்த்உள்ள அணு விபத்து இழப்பீட்டு மசோதாவால் , இரு நாடுகள் இடையில்ஆன அணுசக்தி ஒப்பந்தம் நிறைவேற்றுவதில் சந்தேகமான நிலை உருவாகிய்உள்ளது என்ற்உம் அவர் குறிப்பிட்ட்உள்ளார் ."
562,இந்திய-அமெரிக்க அணுசக்தி உடன்பாடு இருவழிச் சாலை போன்றது .
563,இதை நிறைவேற்றுவதில் இந்தியாவுக்க்உம் சில சங்கடங்கள் உள்ளன என்பதைய்உம் உணர்ந்த்உள்ளத்ஆக அவர் குறிப்பிட்டார் .
564,"அணுசக்தி ஒப்பந்தத்தை அமல்படுத்தும் போது , புதிதாக அணுசக்தி மசோதாவை கொண்டு வரல்ஆம் ."
565,ராணுவ தளவாட தயாரிப்பில் நிலவும் தடைகளை நீக்க வேண்டும் .
566,காப்புரிமை தொடர்பான விதிமீறல் விவரங்களை பேசித் தீர்த்துக் கொள்ளல்ஆம் என்ற்உம் பர்ன்ஸ் குறிப்பிட்ட்உள்ளார் .
567,"அமெரிக்கா , நார்வேயில் உள்ள புலிகள் மீண்டும் ஒருங்கிணைய முயற்சி செய்து வருகின்றனர் என்று இலங்கை பிரதமர் டி.எம். ஜெயரத்ன கூறினார் ."
568,இலங்கை நாடாளுமன்றத்தில் புதன்கிழமை நடைபெற்ற விவாதத்தில் கலந்து கொண்டு ஜெயரத்ன பேசியத்ஆவது : .
569,கடந்த ஆண்டு முள்ளிவாய்க்காலில் நடந்த இறுதிப் போரில் ராணுவம் வெற்றி பெற்றது .
570,இந்த நிலையில் அமெரிக்கா மற்றும் நார்வேயில் உள்ள புலிகள் அமைப்பைச் சேர்ந்தவர்கள் மீண்டும் ஒருங்கிணைய முயற்சித்து வருகின்றனர் .
571,"அமெரிக்கா , நார்வேயில் உள்ள புலிகள் படை தலைவர்கள் , புலிகள் புலனாய்வுப் பிரிவை மீண்டும் ஏற்படுத்த முயற்சித்து வருகின்றனர் ."
572,அது மட்டுமல்லாமல் ஆயுதப் பிரிவைய்உம் ஏற்படுத்த அவர்கள் முயற்சித்து வருகின்றனர் .
573,இலங்கையில் தனியாக ஒரு மாநிலத்தை அமைக்கும் அவர்களது திட்டத்துக்க்ஆக இதைச் செய்து வருகின்றனர் .
574,"நார்வே , அமெரிக்காவில் உள்ள புலிகள் பிரிவின் 2 தலைவர்கள்உம் இந்த காரியத்தில் மும்முரமாக ஈடுபட்டு வருகின்றனர் ."
575,சமீபத்தில் புலிகள் பயன்படுத்தி வந்த வெடிபொருட்கள் அடங்கிய ஜாக்கெட்டுகள் கைப்பற்றப்பட்ட்உள்ளன .
576,சாதாரணமாக புலிகளின் தற்கொலைப் படையைச் சேர்ந்தவர்கள் இந்த ஜாக்கெட்டுகளை அணிந்து கொண்டு மனித வெடிகுண்ட்ஆக மாறி தாக்குதல் நடத்துவர் .
577,இந்த வெடிகுண்டு ஜாக்கெட்டுகளை சமீபத்தில் பாதுகாப்புப் படையினர் கண்டறிந்து செயலிழக்கச் செய்த்உள்ளனர் .
578,தோற்கடிக்கப்பட்ட புலிகளின் தலைவர்கள் இதுபோன்ற காரியங்களில் ஈடுபட்டு வருகின்றனர் என்றார் அவர் .
579,ஆனால் புலிகள் அமைப்பை ஒருங்கிணைக்க முயற்சித்து வரும் தலைவர்களின் பெயர்களை அவர் நாடாளுமன்றத்தில் குறிப்பிடவ்இல்லை .
580,கடந்த ஆண்டு நடந்த போருக்குப் பின்னர் புலிகள் எந்தவிதத் தாக்குதலையும் நடத்தவ்இல்லை .
581,இந்த நிலையில் புலிகள் என்று சந்தேகிக்க ப்படும் நபர்களை இலங்கை ராணுவத்தினர் கைது செய்து சிறையில் அடைத்து வருகின்றனர் .
582,அவசர நிலை பிரகடன சட்டத்தை இலங்கை அரசு அமல்படுத்தி வருகிறது .
583,இந்த சட்டத்துக்கு சர்வதேச அளவில் எதிர்ப்பு இருந்த்உம்கூட அதை அரசு அமல்படுத்தி வருகிறது .
584,எதிர்க்கட்சி அரசியல் தலைவர்களை பயமுறுத்துவதற்க்ஆக இதை ஆளும் கட்சி பயன்படுத்தி வருகிறது என்று எதிர்க்கட்சிகள் குற்றம்சாட்டிய் உள்ளன .
585,"ஐ.நா. அமைப்பில் சீர்திருத்தம் கொண்டுவரும் விஷயத்தில் செய்ய வேண்டியவை ஏராளம் உள்ளது என முன்னாள் மத்திய அமைச்சர்உம் , ஐ.நா. அமைப்புடன் பல ஆண்டுகள் தொடர்புடையவர்உம்ஆன சசி தரூர் தெரிவித்தார் ."
586,நாடாளுமன்ற உறுப்பினர்கள் சிலருடன் அவர் ஐ.நா. சென்ற்உள்ளார் .
587,ஐ.நா. அமைப்பில் பல்வேறு சீர்திருத்தங்கள் கொண்டுவரப்பட வேண்டும் என இந்தியா வலியுறுத்தி வருகிறது .
588,ஐ.நா. அமைப்பில் சீர்திருத்தம் கொண்டு வருவது என்பது முடியாதது ஒன்ற்உம் இல்லை .
589,ஆனால் அது எப்போதைக்கு சாத்தியம் என்பதை நாம் பார்க்க வேண்டும் என்றார் .
590,இப்போது நடந்து வரும் பேச்சுகள் தூண்டுதல்ஆக உள்ளது .
591,"ஆனால் , நடைபெறும் பேச்சுவார்த்தையைய்உம் , மாற்று யோசனைகளைய்உம் பார்க்கும் போது சீர்திருத்த விஷயத்தில் நாம் இன்னும் எடுக்க வேண்டிய நடவடிக்கைகள் ஏராளம் உள்ளன என்ற்ஏ சொல்ல வேண்டும் ."
592,1995ல் அப்போதைய ஐ.நா. பொதுச்சபை தலைவர்உம் மலேசிய நாட்டவர்உம்ஆன ரஸôலி இஸ்மாயில் தயாரித்த வரைவு தீர்மானத்தைய்உம் இப்போது நடக்கும் பேச்சுவார்த்தையைய்உம் பார்க்கும் போது நாம் இந்த விஷயத்தில் மிகவும் பின்தங்கி விட்டது தெரிகிறது .
593,நமது எதிர்பார்ப்புகளை நிறைவேற்றக் கூடியத்ஆக வரைவு தீர்மானம் இருந்தது .
594,ஆனால் அப்போது அதை நிறைவேற்ற முடியாமல் போனது .
595,மேலும் அது வாக்கெடுப்புக்க்உம் செல்லவ்இல்லை என்றார் தரூர் .
596,"1992-96ல் ஐநா பொதுச் செயலர்ஆக இருந்த புட்ரோஸ் காலி , ஐ.நா.வின் 50வது ஆண்டு விழாவுக்க்உள் ஐ.நா. சீர்திருத்தம் நிறைவேற்ற ப்படும் என்று உறுதி அளித்தார் ."
597,கடந்த வாரம் ஜெர்மானிய அரசு ஒரு முடிவு எதுத்தது .
598,"அதாவது , நாட்டில் உள்ள அனைத்து அணுஉலைக் கூடங்களைய்உம் படிப்படிய்ஆக 11 ஆண்டுகளில் மூடிவிட வேண்டும் ."
599,2022-ம் ஆண்டில் gஎர்மனியில் அணுஉலைக் கூடங்கள்ஏ இல்லாத நிலை ஏற்பட வேண்டும் என்பது தான் அது .
